Id,Name,CreatedDate,IsDeleted,LastModifiedDate,AQB__Gift__c,AQB__Account__c,AQB__Amount__c,AQB__Balance__c,AQB__Batch__c,AQB__ConditionalPledge__c,AQB__Date__c,AQB__Method__c,AQB__PledgeStipulation__c,AQB__PledgePayment__c,AQB__Type__c
a2EVa00000006xZMAQ,014027207,2024-01-20T02:56:10.000+0000,false,2024-07-16T13:02:45.000+0000,a16Va000000JDCqIAO,001Va000002eduoIAA,10,0,,false,1993-08-19,Check,,false,Payment
a2EVa00000006xaMAA,014027208,2024-01-20T02:56:10.000+0000,false,2024-07-16T13:02:45.000+0000,a16Va000000JD9dIAG,001Va000002eduLIAQ,20,0,,false,1997-12-24,Check,,false,Payment
a2EVa00000006xbMAA,014027209,2024-01-20T02:56:10.000+0000,false,2024-07-16T13:02:45.000+0000,a16Va000000JD9eIAG,001Va000002eduLIAQ,20,0,,false,1995-12-07,Check,,false,Payment
a2EVa00000006xcMAA,014027210,2024-01-20T02:56:10.000+0000,false,2024-07-16T13:02:45.000+0000,a16Va000000JD9fIAG,001Va000002eduLIAQ,20,0,,false,1994-06-06,Check,,false,Payment
a2EVa00000006xdMAA,014027211,2024-01-20T02:56:10.000+0000,false,2024-07-16T13:02:45.000+0000,a16Va000000JD9gIAG,001Va000002eduLIAQ,20,0,,false,1990-12-19,Check,,false,Payment
a2EVa00000006xeMAA,014027212,2024-01-20T02:56:10.000+0000,false,2024-07-16T13:02:45.000+0000,a16Va000000JD9hIAG,001Va000002eduLIAQ,20,0,,false,1990-12-19,Check,,false,Payment
a2EVa00000006xfMAA,014027213,2024-01-20T02:56:10.000+0000,false,2024-07-16T13:02:45.000+0000,a16Va000000JD9iIAG,001Va000002eduMIAQ,50,0,,false,1992-10-14,Check,,false,Payment
a2EVa00000006xgMAA,014027214,2024-01-20T02:56:10.000+0000,false,2024-07-16T13:02:45.000+0000,a16Va000000JD9jIAG,001Va000002eduMIAQ,50,0,,false,1991-01-12,Check,,false,Payment
a2EVa00000006xhMAA,014027215,2024-01-20T02:56:10.000+0000,false,2024-07-16T13:02:45.000+0000,a16Va000000JD9kIAG,001Va000002eduMIAQ,50,0,,false,1990-12-19,Check,,false,Payment
a2EVa00000006xiMAA,014027216,2024-01-20T02:56:10.000+0000,false,2024-07-16T13:02:45.000+0000,a16Va000000JD9lIAG,001Va000002eduMIAQ,100,0,,false,1990-06-18,Check,,false,Payment
a2EVa00000006xjMAA,014027217,2024-01-20T02:56:10.000+0000,false,2024-07-16T13:02:45.000+0000,a16Va000000JD9mIAG,001Va000002eduNIAQ,100,0,,false,1990-10-25,Check,,false,Payment
a2EVa00000006xkMAA,014027218,2024-01-20T02:56:10.000+0000,false,2024-07-16T13:02:45.000+0000,a16Va000000JD9nIAG,001Va000002eduNIAQ,100,0,,false,1990-05-17,Check,,false,Payment
a2EVa00000006xlMAA,014027219,2024-01-20T02:56:10.000+0000,false,2024-07-16T13:02:45.000+0000,a16Va000000JD9oIAG,001Va000002eduNIAQ,50,0,,false,1989-12-14,Check,,false,Payment
a2EVa00000006xmMAA,014027220,2024-01-20T02:56:10.000+0000,false,2024-07-16T13:02:45.000+0000,a16Va000000JD9pIAG,001Va000002eduNIAQ,65,0,,false,1989-10-25,Check,,false,Payment
a2EVa00000006xnMAA,014027221,2024-01-20T02:56:10.000+0000,false,2024-07-16T13:02:45.000+0000,a16Va000000JD9qIAG,001Va000002eduNIAQ,50,0,,false,1988-10-19,Check,,false,Payment
a2EVa00000006xoMAA,014027222,2024-01-20T02:56:10.000+0000,false,2024-07-16T13:02:45.000+0000,a16Va000000JD9rIAG,001Va000002eduNIAQ,50,0,,false,1987-12-10,Check,,false,Payment
a2EVa00000006xpMAA,014027223,2024-01-20T02:56:10.000+0000,false,2024-07-16T13:02:45.000+0000,a16Va000000JD9sIAG,001Va000002eduOIAQ,100,0,,false,1990-07-15,Check,,false,Payment
a2EVa00000006xqMAA,014027224,2024-01-20T02:56:10.000+0000,false,2024-07-16T13:02:45.000+0000,a16Va000000JD9tIAG,001Va000002eduPIAQ,50,0,,false,1990-07-04,Check,,false,Payment
a2EVa00000006xrMAA,014027225,2024-01-20T02:56:10.000+0000,false,2024-07-16T13:02:45.000+0000,a16Va000000JD9uIAG,001Va000002eduQIAQ,100,0,,false,2002-12-04,Check,,false,Payment
a2EVa00000006xsMAA,014027226,2024-01-20T02:56:10.000+0000,false,2024-07-16T13:02:45.000+0000,a16Va000000JD9vIAG,001Va000002eduQIAQ,100,0,,false,2001-11-07,Check,,false,Payment
a2EVa00000006xtMAA,014027227,2024-01-20T02:56:10.000+0000,false,2024-07-16T13:02:45.000+0000,a16Va000000JD9wIAG,001Va000002eduQIAQ,50,0,,false,2000-12-06,Check,,false,Payment
a2EVa00000006xuMAA,014027228,2024-01-20T02:56:10.000+0000,false,2024-07-16T13:02:45.000+0000,a16Va000000JD9xIAG,001Va000002eduQIAQ,100,0,,false,2000-06-15,Check,,false,Payment
a2EVa00000006xvMAA,014027229,2024-01-20T02:56:10.000+0000,false,2024-07-16T13:02:45.000+0000,a16Va000000JD9yIAG,001Va000002eduQIAQ,100,0,,false,1999-12-08,Check,,false,Payment
a2EVa00000006xwMAA,014027230,2024-01-20T02:56:10.000+0000,false,2024-07-16T13:02:45.000+0000,a16Va000000JD9zIAG,001Va000002eduQIAQ,100,0,,false,1998-11-20,Check,,false,Payment
a2EVa00000006xxMAA,014027231,2024-01-20T02:56:10.000+0000,false,2024-07-16T13:02:45.000+0000,a16Va000000JDA0IAO,001Va000002eduQIAQ,40,0,,false,1998-06-18,Check,,false,Payment
a2EVa00000006xyMAA,014027232,2024-01-20T02:56:10.000+0000,false,2024-07-16T13:02:45.000+0000,a16Va000000JDA1IAO,001Va000002eduQIAQ,40,0,,false,1997-12-11,Check,,false,Payment
a2EVa00000006xzMAA,014027233,2024-01-20T02:56:10.000+0000,false,2024-07-16T13:02:45.000+0000,a16Va000000JDA2IAO,001Va000002eduQIAQ,40,0,,false,1997-10-10,Check,,false,Payment
a2EVa00000006y0MAA,014027234,2024-01-20T02:56:10.000+0000,false,2024-07-16T13:02:45.000+0000,a16Va000000JDA3IAO,001Va000002eduQIAQ,25,0,,false,1995-12-05,Check,,false,Payment
a2EVa00000006y1MAA,014027235,2024-01-20T02:56:10.000+0000,false,2024-07-16T13:02:45.000+0000,a16Va000000JDA4IAO,001Va000002eduQIAQ,35,0,,false,1995-03-22,Check,,false,Payment
a2EVa00000006y2MAA,014027236,2024-01-20T02:56:10.000+0000,false,2024-07-16T13:02:45.000+0000,a16Va000000JDA5IAO,001Va000002eduQIAQ,25,0,,false,1994-05-17,Check,,false,Payment
a2EVa00000006y3MAA,014027237,2024-01-20T02:56:10.000+0000,false,2024-07-16T13:02:45.000+0000,a16Va000000JDA6IAO,001Va000002eduQIAQ,100,0,,false,1990-05-31,Check,,false,Payment
a2EVa00000006y4MAA,014027238,2024-01-20T02:56:10.000+0000,false,2024-07-16T13:02:45.000+0000,a16Va000000JDA8IAO,001Va000002eduRIAQ,20,0,,false,1999-12-09,Check,,false,Payment
a2EVa00000006y5MAA,014027239,2024-01-20T02:56:10.000+0000,false,2024-07-16T13:02:45.000+0000,a16Va000000JDA9IAO,001Va000002eduRIAQ,20,0,,false,1999-02-19,Check,,false,Payment
a2EVa00000006y6MAA,014027240,2024-01-20T02:56:10.000+0000,false,2024-07-16T13:02:45.000+0000,a16Va000000JDAAIA4,001Va000002eduRIAQ,10,0,,false,1995-04-05,Check,,false,Payment
a2EVa00000006y7MAA,014027241,2024-01-20T02:56:10.000+0000,false,2024-07-16T13:02:45.000+0000,a16Va000000JDABIA4,001Va000002eduRIAQ,10,0,,false,1994-10-18,Check,,false,Payment
a2EVa00000006y8MAA,014027242,2024-01-20T02:56:10.000+0000,false,2024-07-16T13:02:45.000+0000,a16Va000000JDACIA4,001Va000002eduRIAQ,10,0,,false,1994-05-03,Check,,false,Payment
a2EVa00000006y9MAA,014027243,2024-01-20T02:56:10.000+0000,false,2024-07-16T13:02:45.000+0000,a16Va000000JDADIA4,001Va000002eduRIAQ,10,0,,false,1993-11-04,Check,,false,Payment
a2EVa00000006yAMAQ,014027244,2024-01-20T02:56:10.000+0000,false,2024-07-16T13:02:45.000+0000,a16Va000000JDAEIA4,001Va000002eduRIAQ,10,0,,false,1993-05-04,Check,,false,Payment
a2EVa00000006yBMAQ,014027245,2024-01-20T02:56:10.000+0000,false,2024-07-16T13:02:45.000+0000,a16Va000000JDAFIA4,001Va000002eduRIAQ,50,0,,false,1990-07-15,Check,,false,Payment
a2EVa00000006yCMAQ,014027246,2024-01-20T02:56:10.000+0000,false,2024-07-16T13:02:45.000+0000,a16Va000000JDAGIA4,001Va000002eduSIAQ,20,0,,false,1994-06-06,Check,,false,Payment
a2EVa00000006yDMAQ,014027247,2024-01-20T02:56:10.000+0000,false,2024-07-16T13:02:45.000+0000,a16Va000000JDAHIA4,001Va000002eduSIAQ,25,0,,false,1990-12-19,Check,,false,Payment
a2EVa00000006yEMAQ,014027248,2024-01-20T02:56:10.000+0000,false,2024-07-16T13:02:45.000+0000,a16Va000000JDAeIAO,001Va000002eduWIAQ,50,0,,false,2002-07-31,Check,,false,Payment
a2EVa00000006yFMAQ,014027249,2024-01-20T02:56:10.000+0000,false,2024-07-16T13:02:45.000+0000,a16Va000000JDAfIAO,001Va000002eduWIAQ,50,0,,false,2002-04-30,Check,,false,Payment
a2EVa00000006yGMAQ,014027250,2024-01-20T02:56:10.000+0000,false,2024-07-16T13:02:45.000+0000,a16Va000000JDAgIAO,001Va000002eduWIAQ,50,0,,false,2001-12-26,Check,,false,Payment
a2EVa00000006yHMAQ,014027251,2024-01-20T02:56:10.000+0000,false,2024-07-16T13:02:45.000+0000,a16Va000000JDAhIAO,001Va000002eduWIAQ,50,0,,false,2001-07-31,Check,,false,Payment
a2EVa00000006yIMAQ,014027252,2024-01-20T02:56:10.000+0000,false,2024-07-16T13:02:45.000+0000,a16Va000000JDAiIAO,001Va000002eduWIAQ,50,0,,false,2001-05-01,Check,,false,Payment
a2EVa00000006yJMAQ,014027253,2024-01-20T02:56:10.000+0000,false,2024-07-16T13:02:45.000+0000,a16Va000000JDAjIAO,001Va000002eduWIAQ,50,0,,false,2001-01-16,Check,,false,Payment
a2EVa00000006yKMAQ,014027254,2024-01-20T02:56:10.000+0000,false,2024-07-16T13:02:45.000+0000,a16Va000000JDAkIAO,001Va000002eduWIAQ,50,0,,false,2000-10-30,Check,,false,Payment
a2EVa00000006yLMAQ,014027255,2024-01-20T02:56:10.000+0000,false,2024-07-16T13:02:45.000+0000,a16Va000000JDAlIAO,001Va000002eduWIAQ,50,0,,false,2000-04-28,Check,,false,Payment
a2EVa00000006yMMAQ,014027256,2024-01-20T02:56:10.000+0000,false,2024-07-16T13:02:45.000+0000,a16Va000000JDAmIAO,001Va000002eduWIAQ,50,0,,false,1999-03-30,Check,,false,Payment
a2EVa00000006yNMAQ,014027257,2024-01-20T02:56:10.000+0000,false,2024-07-16T13:02:45.000+0000,a16Va000000JDAnIAO,001Va000002eduWIAQ,50,0,,false,1998-04-27,Check,,false,Payment
a2EVa00000006yOMAQ,014027258,2024-01-20T02:56:10.000+0000,false,2024-07-16T13:02:45.000+0000,a16Va000000JDAoIAO,001Va000002eduWIAQ,50,0,,false,1997-09-03,Check,,false,Payment
a2EVa00000006yPMAQ,014027259,2024-01-20T02:56:10.000+0000,false,2024-07-16T13:02:45.000+0000,a16Va000000JDApIAO,001Va000002eduWIAQ,50,0,,false,1996-10-24,Check,,false,Payment
a2EVa00000006yQMAQ,014027260,2024-01-20T02:56:10.000+0000,false,2024-07-16T13:02:45.000+0000,a16Va000000JDAqIAO,001Va000002eduWIAQ,50,0,,false,1994-09-12,Check,,false,Payment
a2EVa00000006yRMAQ,014027261,2024-01-20T02:56:10.000+0000,false,2024-07-16T13:02:45.000+0000,a16Va000000JDArIAO,001Va000002eduWIAQ,50,0,,false,1992-11-24,Check,,false,Payment
a2EVa00000006ySMAQ,014027262,2024-01-20T02:56:10.000+0000,false,2024-07-16T13:02:45.000+0000,a16Va000000JDAsIAO,001Va000002eduWIAQ,25,0,,false,1991-05-20,Check,,false,Payment
a2EVa00000006yTMAQ,014027263,2024-01-20T02:56:10.000+0000,false,2024-07-16T13:02:45.000+0000,a16Va000000JDAtIAO,001Va000002eduWIAQ,50,0,,false,1990-12-24,Check,,false,Payment
a2EVa00000006yUMAQ,014027264,2024-01-20T02:56:10.000+0000,false,2024-07-16T13:02:45.000+0000,a16Va000000JDAuIAO,001Va000002eduWIAQ,50,0,,false,2012-12-14,Check,,false,Payment
a2EVa00000006yVMAQ,014027265,2024-01-20T02:56:10.000+0000,false,2024-07-16T13:02:45.000+0000,a16Va000000JDAvIAO,001Va000002eduWIAQ,50,0,,false,2013-08-05,Check,,false,Payment
a2EVa00000006yWMAQ,014027266,2024-01-20T02:56:10.000+0000,false,2024-07-16T13:02:45.000+0000,a16Va000000JDBCIA4,001Va000002eduXIAQ,25,0,,false,2000-12-15,Check,,false,Payment
a2EVa00000006yXMAQ,014027267,2024-01-20T02:56:10.000+0000,false,2024-07-16T13:02:45.000+0000,a16Va000000JDBDIA4,001Va000002eduXIAQ,25,0,,false,1999-03-17,Check,,false,Payment
a2EVa00000006yYMAQ,014027268,2024-01-20T02:56:10.000+0000,false,2024-07-16T13:02:45.000+0000,a16Va000000JDBEIA4,001Va000002eduXIAQ,25,0,,false,1998-10-16,Check,,false,Payment
a2EVa00000006yZMAQ,014027269,2024-01-20T02:56:10.000+0000,false,2024-07-16T13:02:45.000+0000,a16Va000000JDBFIA4,001Va000002eduXIAQ,25,0,,false,1998-04-10,Check,,false,Payment
a2EVa00000006yaMAA,014027270,2024-01-20T02:56:10.000+0000,false,2024-07-16T13:02:45.000+0000,a16Va000000JDBGIA4,001Va000002eduXIAQ,25,0,,false,1997-12-09,Check,,false,Payment
a2EVa00000006ybMAA,014027271,2024-01-20T02:56:10.000+0000,false,2024-07-16T13:02:45.000+0000,a16Va000000JDBHIA4,001Va000002eduXIAQ,25,0,,false,1997-03-31,Check,,false,Payment
a2EVa00000006ycMAA,014027272,2024-01-20T02:56:10.000+0000,false,2024-07-16T13:02:45.000+0000,a16Va000000JDBIIA4,001Va000002eduXIAQ,25,0,,false,1996-04-23,Check,,false,Payment
a2EVa00000006ydMAA,014027273,2024-01-20T02:56:10.000+0000,false,2024-07-16T13:02:45.000+0000,a16Va000000JDBJIA4,001Va000002eduXIAQ,25,0,,false,1995-04-04,Check,,false,Payment
a2EVa00000006yeMAA,014027274,2024-01-20T02:56:10.000+0000,false,2024-07-16T13:02:45.000+0000,a16Va000000JDBKIA4,001Va000002eduXIAQ,20,0,,false,1994-10-12,Check,,false,Payment
a2EVa00000006yfMAA,014027275,2024-01-20T02:56:10.000+0000,false,2024-07-16T13:02:45.000+0000,a16Va000000JDBLIA4,001Va000002eduXIAQ,25,0,,false,1990-12-27,Check,,false,Payment
a2EVa00000006ygMAA,014027276,2024-01-20T02:56:10.000+0000,false,2024-07-16T13:02:45.000+0000,a16Va000000JDBMIA4,001Va000002eduXIAQ,20,0,,false,1990-07-15,Check,,false,Payment
a2EVa00000006yhMAA,014027277,2024-01-20T02:56:10.000+0000,false,2024-07-16T13:02:45.000+0000,a16Va000000JDBNIA4,001Va000002eduYIAQ,50,0,,false,1990-08-11,Check,,false,Payment
a2EVa00000006yiMAA,014027278,2024-01-20T02:56:10.000+0000,false,2024-07-16T13:02:45.000+0000,a16Va000000JDBOIA4,001Va000002eduYIAQ,20,0,,false,1991-12-03,Check,,false,Payment
a2EVa00000006yjMAA,014027279,2024-01-20T02:56:10.000+0000,false,2024-07-16T13:02:45.000+0000,a16Va000000JDBPIA4,001Va000002eduYIAQ,20,0,,false,1994-07-12,Check,,false,Payment
a2EVa00000006ykMAA,014027280,2024-01-20T02:56:10.000+0000,false,2024-07-16T13:02:45.000+0000,a16Va000000JDBQIA4,001Va000002eduYIAQ,20,0,,false,1993-05-24,Check,,false,Payment
a2EVa00000006ylMAA,014027281,2024-01-20T02:56:10.000+0000,false,2024-07-16T13:02:45.000+0000,a16Va000000JDBRIA4,001Va000002eduYIAQ,20,0,,false,1992-10-26,Check,,false,Payment
a2EVa00000006ymMAA,014027282,2024-01-20T02:56:10.000+0000,false,2024-07-16T13:02:45.000+0000,a16Va000000JDBSIA4,001Va000002eduZIAQ,25,0,,false,1995-04-07,Check,,false,Payment
a2EVa00000006ynMAA,014027283,2024-01-20T02:56:10.000+0000,false,2024-07-16T13:02:45.000+0000,a16Va000000JDBTIA4,001Va000002eduZIAQ,25,0,,false,1992-11-30,Check,,false,Payment
a2EVa00000006yoMAA,014027284,2024-01-20T02:56:10.000+0000,false,2024-07-16T13:02:45.000+0000,a16Va000000JDBUIA4,001Va000002eduZIAQ,25,0,,false,1992-07-06,Check,,false,Payment
a2EVa00000006ypMAA,014027285,2024-01-20T02:56:10.000+0000,false,2024-07-16T13:02:45.000+0000,a16Va000000JDBVIA4,001Va000002eduZIAQ,25,0,,false,1991-10-25,Check,,false,Payment
a2EVa00000006yqMAA,014027286,2024-01-20T02:56:10.000+0000,false,2024-07-16T13:02:45.000+0000,a16Va000000JDBWIA4,001Va000002eduZIAQ,20,0,,false,1990-08-11,Check,,false,Payment
a2EVa00000006yrMAA,014027287,2024-01-20T02:56:10.000+0000,false,2024-07-16T13:02:45.000+0000,a16Va000000JDBXIA4,001Va000002eduaIAA,25,0,,false,1990-06-07,Check,,false,Payment
a2EVa00000006ysMAA,014027288,2024-01-20T02:56:10.000+0000,false,2024-07-16T13:02:45.000+0000,a16Va000000JDBYIA4,001Va000002edubIAA,20,0,,false,1993-05-11,Check,,false,Payment
a2EVa00000006ytMAA,014027289,2024-01-20T02:56:10.000+0000,false,2024-07-16T13:02:45.000+0000,a16Va000000JDBZIA4,001Va000002edubIAA,20,0,,false,1993-02-16,Check,,false,Payment
a2EVa00000006yuMAA,014027290,2024-01-20T02:56:10.000+0000,false,2024-07-16T13:02:45.000+0000,a16Va000000JDBaIAO,001Va000002edubIAA,20,0,,false,1992-06-03,Check,,false,Payment
a2EVa00000006yvMAA,014027291,2024-01-20T02:56:10.000+0000,false,2024-07-16T13:02:45.000+0000,a16Va000000JDBbIAO,001Va000002edubIAA,20,0,,false,1990-08-11,Check,,false,Payment
a2EVa00000006ywMAA,014027292,2024-01-20T02:56:10.000+0000,false,2024-07-16T13:02:45.000+0000,a16Va000000JDBcIAO,001Va000002educIAA,250,0,,false,1991-07-24,Check,,false,Payment
a2EVa00000006yxMAA,014027293,2024-01-20T02:56:10.000+0000,false,2024-07-16T13:02:45.000+0000,a16Va000000JDBfIAO,001Va000002edudIAA,20,0,,false,1997-06-24,Check,,false,Payment
a2EVa00000006yyMAA,014027294,2024-01-20T02:56:10.000+0000,false,2024-07-16T13:02:45.000+0000,a16Va000000JDBgIAO,001Va000002edudIAA,20,0,,false,1995-10-03,Check,,false,Payment
a2EVa00000006yzMAA,014027295,2024-01-20T02:56:10.000+0000,false,2024-07-16T13:02:45.000+0000,a16Va000000JDBhIAO,001Va000002edudIAA,20,0,,false,1995-02-13,Check,,false,Payment
a2EVa00000006z0MAA,014027296,2024-01-20T02:56:10.000+0000,false,2024-07-16T13:02:45.000+0000,a16Va000000JDBiIAO,001Va000002edudIAA,20,0,,false,1990-07-04,Check,,false,Payment
a2EVa00000006z1MAA,014027297,2024-01-20T02:56:10.000+0000,false,2024-07-16T13:02:45.000+0000,a16Va000000JDBmIAO,001Va000002edueIAA,10,0,,false,1998-04-07,Check,,false,Payment
a2EVa00000006z2MAA,014027298,2024-01-20T02:56:10.000+0000,false,2024-07-16T13:02:45.000+0000,a16Va000000JDBnIAO,001Va000002edueIAA,15,0,,false,1997-10-03,Check,,false,Payment
a2EVa00000006z3MAA,014027299,2024-01-20T02:56:10.000+0000,false,2024-07-16T13:02:45.000+0000,a16Va000000JDBoIAO,001Va000002edueIAA,10,0,,false,1996-04-26,Check,,false,Payment
a2EVa00000006z4MAA,014027300,2024-01-20T02:56:10.000+0000,false,2024-07-16T13:02:45.000+0000,a16Va000000JDBpIAO,001Va000002edueIAA,20,0,,false,1995-09-27,Check,,false,Payment
a2EVa00000006z5MAA,014027301,2024-01-20T02:56:10.000+0000,false,2024-07-16T13:02:45.000+0000,a16Va000000JDBqIAO,001Va000002edueIAA,15,0,,false,1995-07-31,Check,,false,Payment
a2EVa00000006z6MAA,014027302,2024-01-20T02:56:10.000+0000,false,2024-07-16T13:02:45.000+0000,a16Va000000JDBrIAO,001Va000002edueIAA,15,0,,false,1994-05-12,Check,,false,Payment
a2EVa00000006z7MAA,014027303,2024-01-20T02:56:10.000+0000,false,2024-07-16T13:02:45.000+0000,a16Va000000JDBsIAO,001Va000002edueIAA,15,0,,false,1994-03-21,Check,,false,Payment
a2EVa00000006z8MAA,014027304,2024-01-20T02:56:10.000+0000,false,2024-07-16T13:02:45.000+0000,a16Va000000JDBtIAO,001Va000002edueIAA,10,0,,false,1993-11-03,Check,,false,Payment
a2EVa00000006z9MAA,014027305,2024-01-20T02:56:10.000+0000,false,2024-07-16T13:02:45.000+0000,a16Va000000JDBuIAO,001Va000002edueIAA,20,0,,false,1992-12-21,Check,,false,Payment
a2EVa00000006zAMAQ,014027306,2024-01-20T02:56:10.000+0000,false,2024-07-16T13:02:45.000+0000,a16Va000000JDBvIAO,001Va000002edueIAA,25,0,,false,1991-11-01,Check,,false,Payment
a2EVa00000006zBMAQ,014027307,2024-01-20T02:56:10.000+0000,false,2024-07-16T13:02:45.000+0000,a16Va000000JDBwIAO,001Va000002edueIAA,25,0,,false,1991-07-24,Check,,false,Payment
a2EVa00000006zCMAQ,014027308,2024-01-20T02:56:10.000+0000,false,2024-07-16T13:02:45.000+0000,a16Va000000JDBxIAO,001Va000002edueIAA,25,0,,false,1991-01-12,Check,,false,Payment
a2EVa00000006zDMAQ,014027309,2024-01-20T02:56:10.000+0000,false,2024-07-16T13:02:45.000+0000,a16Va000000JDByIAO,001Va000002edueIAA,25,0,,false,1990-10-25,Check,,false,Payment
a2EVa00000006zEMAQ,014027310,2024-01-20T02:56:10.000+0000,false,2024-07-16T13:02:45.000+0000,a16Va000000JDBzIAO,001Va000002edueIAA,20,0,,false,1990-08-11,Check,,false,Payment
a2EVa00000006zFMAQ,014027311,2024-01-20T02:56:10.000+0000,false,2024-07-16T13:02:45.000+0000,a16Va000000JDC0IAO,001Va000002edufIAA,20,0,,false,1990-07-04,Check,,false,Payment
a2EVa00000006zGMAQ,014027312,2024-01-20T02:56:10.000+0000,false,2024-07-16T13:02:45.000+0000,a16Va000000JDC2IAO,001Va000002edugIAA,20,0,,false,1991-01-16,Check,,false,Payment
a2EVa00000006zHMAQ,014027313,2024-01-20T02:56:10.000+0000,false,2024-07-16T13:02:45.000+0000,a16Va000000JDC3IAO,001Va000002eduhIAA,20,0,,false,1995-02-15,Check,,false,Payment
a2EVa00000006zIMAQ,014027314,2024-01-20T02:56:10.000+0000,false,2024-07-16T13:02:45.000+0000,a16Va000000JDC4IAO,001Va000002eduhIAA,25,0,,false,1993-05-19,Check,,false,Payment
a2EVa00000006zJMAQ,014027315,2024-01-20T02:56:10.000+0000,false,2024-07-16T13:02:45.000+0000,a16Va000000JDC5IAO,001Va000002eduhIAA,25,0,,false,1992-06-01,Check,,false,Payment
a2EVa00000006zKMAQ,014027316,2024-01-20T02:56:10.000+0000,false,2024-07-16T13:02:45.000+0000,a16Va000000JDC6IAO,001Va000002eduhIAA,30,0,,false,1991-01-15,Check,,false,Payment
a2EVa00000006zLMAQ,014027317,2024-01-20T02:56:10.000+0000,false,2024-07-16T13:02:45.000+0000,a16Va000000JDC7IAO,001Va000002eduhIAA,25,0,,false,1990-07-01,Check,,false,Payment
a2EVa00000006zMMAQ,014027318,2024-01-20T02:56:10.000+0000,false,2024-07-16T13:02:45.000+0000,a16Va000000JDC8IAO,001Va000002eduiIAA,15,0,,false,1998-04-17,Check,,false,Payment
a2EVa00000006zNMAQ,014027319,2024-01-20T02:56:10.000+0000,false,2024-07-16T13:02:45.000+0000,a16Va000000JDC9IAO,001Va000002eduiIAA,15,0,,false,1998-01-15,Check,,false,Payment
a2EVa00000006zOMAQ,014027320,2024-01-20T02:56:10.000+0000,false,2024-07-16T13:02:45.000+0000,a16Va000000JDCAIA4,001Va000002eduiIAA,10,0,,false,1997-04-07,Check,,false,Payment
a2EVa00000006zPMAQ,014027321,2024-01-20T02:56:10.000+0000,false,2024-07-16T13:02:45.000+0000,a16Va000000JDCBIA4,001Va000002eduiIAA,10,0,,false,1995-04-07,Check,,false,Payment
a2EVa00000006zQMAQ,014027322,2024-01-20T02:56:10.000+0000,false,2024-07-16T13:02:45.000+0000,a16Va000000JDCCIA4,001Va000002eduiIAA,10,0,,false,1994-10-21,Check,,false,Payment
a2EVa00000006zRMAQ,014027323,2024-01-20T02:56:10.000+0000,false,2024-07-16T13:02:45.000+0000,a16Va000000JDCDIA4,001Va000002eduiIAA,10,0,,false,1994-07-19,Check,,false,Payment
a2EVa00000006zSMAQ,014027324,2024-01-20T02:56:10.000+0000,false,2024-07-16T13:02:45.000+0000,a16Va000000JDCEIA4,001Va000002eduiIAA,10,0,,false,1993-11-08,Check,,false,Payment
a2EVa00000006zTMAQ,014027325,2024-01-20T02:56:10.000+0000,false,2024-07-16T13:02:45.000+0000,a16Va000000JDCFIA4,001Va000002eduiIAA,10,0,,false,1992-12-08,Check,,false,Payment
a2EVa00000006zUMAQ,014027326,2024-01-20T02:56:10.000+0000,false,2024-07-16T13:02:45.000+0000,a16Va000000JDCGIA4,001Va000002eduiIAA,10,0,,false,1992-06-04,Check,,false,Payment
a2EVa00000006zVMAQ,014027327,2024-01-20T02:56:10.000+0000,false,2024-07-16T13:02:45.000+0000,a16Va000000JDCHIA4,001Va000002eduiIAA,15,0,,false,1991-01-08,Check,,false,Payment
a2EVa00000006zWMAQ,014027328,2024-01-20T02:56:10.000+0000,false,2024-07-16T13:02:45.000+0000,a16Va000000JDCIIA4,001Va000002eduiIAA,10,0,,false,1990-08-04,Check,,false,Payment
a2EVa00000006zXMAQ,014027329,2024-01-20T02:56:10.000+0000,false,2024-07-16T13:02:45.000+0000,a16Va000000JDCKIA4,001Va000002edujIAA,10,0,,false,2001-04-02,Check,,false,Payment
a2EVa00000006zYMAQ,014027330,2024-01-20T02:56:10.000+0000,false,2024-07-16T13:02:45.000+0000,a16Va000000JDCLIA4,001Va000002edujIAA,15,0,,false,2000-12-26,Check,,false,Payment
a2EVa00000006zZMAQ,014027331,2024-01-20T02:56:10.000+0000,false,2024-07-16T13:02:45.000+0000,a16Va000000JDCMIA4,001Va000002edujIAA,15,0,,false,2000-10-04,Check,,false,Payment
a2EVa00000006zaMAA,014027332,2024-01-20T02:56:10.000+0000,false,2024-07-16T13:02:45.000+0000,a16Va000000JDCNIA4,001Va000002edujIAA,10,0,,false,2000-09-27,Check,,false,Payment
a2EVa00000006zbMAA,014027333,2024-01-20T02:56:10.000+0000,false,2024-07-16T13:02:45.000+0000,a16Va000000JDCOIA4,001Va000002edujIAA,10,0,,false,2000-06-16,Check,,false,Payment
a2EVa00000006zcMAA,014027334,2024-01-20T02:56:10.000+0000,false,2024-07-16T13:02:45.000+0000,a16Va000000JDCPIA4,001Va000002edujIAA,15,0,,false,1999-10-14,Check,,false,Payment
a2EVa00000006zdMAA,014027335,2024-01-20T02:56:10.000+0000,false,2024-07-16T13:02:45.000+0000,a16Va000000JDCQIA4,001Va000002edujIAA,15,0,,false,1999-10-04,Check,,false,Payment
a2EVa00000006zeMAA,014027336,2024-01-20T02:56:10.000+0000,false,2024-07-16T13:02:45.000+0000,a16Va000000JDCRIA4,001Va000002edujIAA,15,0,,false,1998-10-05,Check,,false,Payment
a2EVa00000006zfMAA,014027337,2024-01-20T02:56:10.000+0000,false,2024-07-16T13:02:45.000+0000,a16Va000000JDCSIA4,001Va000002edujIAA,15,0,,false,1991-06-07,Check,,false,Payment
a2EVa00000006zgMAA,014027338,2024-01-20T02:56:10.000+0000,false,2024-07-16T13:02:45.000+0000,a16Va000000JDCTIA4,001Va000002edujIAA,10,0,,false,1991-01-12,Check,,false,Payment
a2EVa00000006zhMAA,014027339,2024-01-20T02:56:10.000+0000,false,2024-07-16T13:02:45.000+0000,a16Va000000JDCUIA4,001Va000002edujIAA,10,0,,false,1990-12-27,Check,,false,Payment
a2EVa00000006ziMAA,014027340,2024-01-20T02:56:10.000+0000,false,2024-07-16T13:02:45.000+0000,a16Va000000JDCVIA4,001Va000002edujIAA,10,0,,false,1990-07-09,Check,,false,Payment
a2EVa00000006zjMAA,014027341,2024-01-20T02:56:10.000+0000,false,2024-07-16T13:02:45.000+0000,a16Va000000JDCWIA4,001Va000002edujIAA,15,0,,false,1988-10-31,Check,,false,Payment
a2EVa00000006zkMAA,014027342,2024-01-20T02:56:10.000+0000,false,2024-07-16T13:02:45.000+0000,a16Va000000JDCXIA4,001Va000002edukIAA,5,0,,false,1993-03-19,Check,,false,Payment
a2EVa00000006zlMAA,014027343,2024-01-20T02:56:10.000+0000,false,2024-07-16T13:02:45.000+0000,a16Va000000JDCYIA4,001Va000002edukIAA,5,0,,false,1992-01-09,Check,,false,Payment
a2EVa00000006zmMAA,014027344,2024-01-20T02:56:10.000+0000,false,2024-07-16T13:02:45.000+0000,a16Va000000JDCZIA4,001Va000002edukIAA,35,0,,false,1990-07-15,Check,,false,Payment
a2EVa00000006znMAA,014027345,2024-01-20T02:56:10.000+0000,false,2024-07-16T13:02:45.000+0000,a16Va000000JDCaIAO,001Va000002edulIAA,10,0,,false,1991-07-24,Check,,false,Payment
a2EVa00000006zoMAA,014027346,2024-01-20T02:56:10.000+0000,false,2024-07-16T13:02:45.000+0000,a16Va000000JDCbIAO,001Va000002edulIAA,50,0,,false,1990-07-04,Check,,false,Payment
a2EVa00000006zpMAA,014027347,2024-01-20T02:56:10.000+0000,false,2024-07-16T13:02:45.000+0000,a16Va000000JDCcIAO,001Va000002edumIAA,10,0,,false,1991-01-12,Check,,false,Payment
a2EVa00000006zqMAA,014027348,2024-01-20T02:56:10.000+0000,false,2024-07-16T13:02:45.000+0000,a16Va000000JDCdIAO,001Va000002edumIAA,10,0,,false,1990-12-27,Check,,false,Payment
a2EVa00000006zrMAA,014027349,2024-01-20T02:56:10.000+0000,false,2024-07-16T13:02:45.000+0000,a16Va000000JDCeIAO,001Va000002edumIAA,10,0,,false,1990-07-08,Check,,false,Payment
a2EVa00000006zsMAA,014027350,2024-01-20T02:56:10.000+0000,false,2024-07-16T13:02:45.000+0000,a16Va000000JDCfIAO,001Va000002eduUIAQ,20,0,,false,2000-04-06,Check,,false,Payment
a2EVa00000006ztMAA,014027351,2024-01-20T02:56:10.000+0000,false,2024-07-16T13:02:45.000+0000,a16Va000000JDCgIAO,001Va000002eduUIAQ,20,0,,false,1998-04-06,Check,,false,Payment
a2EVa00000006zuMAA,014027352,2024-01-20T02:56:10.000+0000,false,2024-07-16T13:02:45.000+0000,a16Va000000JDChIAO,001Va000002eduUIAQ,20,0,,false,1995-12-13,Check,,false,Payment
a2EVa00000006zvMAA,014027353,2024-01-20T02:56:10.000+0000,false,2024-07-16T13:02:45.000+0000,a16Va000000JDCiIAO,001Va000002eduUIAQ,10,0,,false,1993-10-25,Check,,false,Payment
a2EVa00000006zwMAA,014027354,2024-01-20T02:56:10.000+0000,false,2024-07-16T13:02:45.000+0000,a16Va000000JDCjIAO,001Va000002eduUIAQ,10,0,,false,1993-05-25,Check,,false,Payment
a2EVa00000006zxMAA,014027355,2024-01-20T02:56:10.000+0000,false,2024-07-16T13:02:45.000+0000,a16Va000000JDCkIAO,001Va000002eduUIAQ,15,0,,false,1990-06-01,Check,,false,Payment
a2EVa00000006zyMAA,014027356,2024-01-20T02:56:10.000+0000,false,2024-07-16T13:02:45.000+0000,a16Va000000JDClIAO,001Va000002eduVIAQ,15,0,,false,2000-01-31,Check,,false,Payment
a2EVa00000006zzMAA,014027357,2024-01-20T02:56:10.000+0000,false,2024-07-16T13:02:45.000+0000,a16Va000000JDCmIAO,001Va000002eduVIAQ,15,0,,false,1992-12-07,Check,,false,Payment
a2EVa0000000700MAA,014027358,2024-01-20T02:56:10.000+0000,false,2024-07-16T13:02:45.000+0000,a16Va000000JDCnIAO,001Va000002eduVIAQ,15,0,,false,1990-08-11,Check,,false,Payment
a2EVa0000000NizMAE,014027359,2024-02-22T20:06:40.000+0000,false,2024-07-21T22:47:10.000+0000,a16Va000000Udn7IAC,001Va000003ZRZtIAO,200,0,a0lVa0000001Fg9IAE,false,2024-02-22,Check,,false,Payment
a2EVa0000000Nj0MAE,014027360,2024-02-22T20:06:40.000+0000,false,2024-07-21T22:47:10.000+0000,a16Va000000Udn8IAC,001Va000003ZRZtIAO,300,0,a0lVa0000001Fg9IAE,false,2024-02-22,Check,,false,Payment
a2EVa0000000NkbMAE,014027361,2024-02-22T20:43:12.000+0000,false,2024-07-21T22:47:10.000+0000,a16Va000000Udn8IAC,001Va000003ZRZtIAO,300,0,a0lVa0000001opBIAQ,false,2024-02-22,Check,,false,Payment
a2EVa0000000NkcMAE,014027362,2024-02-22T20:43:15.000+0000,false,2024-07-21T22:47:10.000+0000,a16Va000000Udn7IAC,001Va000003ZRZtIAO,-200,0,a0lVa0000001opBIAQ,false,2024-02-22,Check,,false,Payment
a2EVa0000000NkdMAE,014027363,2024-02-22T20:43:15.000+0000,false,2024-07-21T22:47:10.000+0000,a16Va000000Udn8IAC,001Va000003ZRZtIAO,-300,0,a0lVa0000001opBIAQ,false,2024-02-22,Check,,false,Payment
a2EVa0000000NmDMAU,014027364,2024-02-23T02:29:31.000+0000,false,2024-07-21T22:47:10.000+0000,a16Va000000UeCvIAK,001Va000003ZRZtIAO,2000,0,a0lVa0000001pRtIAI,true,2024-02-22,Pledge,Conditional,false,Pledge
a2EVa0000000NmEMAU,014027365,2024-02-23T02:29:31.000+0000,false,2024-07-21T22:47:10.000+0000,a16Va000000UeCvIAK,001Va000003ZRZtIAO,2000,0,a0lVa0000001pRtIAI,true,2024-02-22,Pledge,Conditional,false,Pledge
a2EVa0000000NmFMAU,014027366,2024-02-23T02:29:31.000+0000,false,2024-07-21T22:47:10.000+0000,a16Va000000UeCvIAK,001Va000003ZRZtIAO,2000,2000,a0lVa0000001pRtIAI,true,2024-02-22,Pledge,Conditional,false,Pledge
a2EVa0000000NmGMAU,014027367,2024-02-23T02:29:31.000+0000,false,2024-07-21T22:47:10.000+0000,a16Va000000UeCvIAK,001Va000003ZRZtIAO,2000,2000,a0lVa0000001pRtIAI,true,2024-02-22,Pledge,Conditional,false,Pledge
a2EVa0000000NmHMAU,014027368,2024-02-23T02:29:31.000+0000,false,2024-07-21T22:47:10.000+0000,a16Va000000UeCvIAK,001Va000003ZRZtIAO,2000,2000,a0lVa0000001pRtIAI,true,2024-02-22,Pledge,Conditional,false,Pledge
a2EVa0000000NnpMAE,014027369,2024-02-23T02:31:48.000+0000,false,2024-07-21T22:47:10.000+0000,a16Va000000UeCvIAK,001Va000003ZRZtIAO,2000,0,a0lVa0000001pTVIAY,true,2024-02-22,Check,Conditional,true,Payment
a2EVa0000000NnqMAE,014027370,2024-02-23T02:31:49.000+0000,false,2024-07-21T22:47:10.000+0000,a16Va000000UeEXIA0,001Va000003ZRZtIAO,1000,0,a0lVa0000001pTVIAY,false,2024-02-22,Check,,false,Payment
a2EVa0000000NnrMAE,014027371,2024-02-23T02:31:50.000+0000,false,2024-07-21T22:47:10.000+0000,a16Va000000UeCvIAK,001Va000003ZRZtIAO,-2000,0,a0lVa0000001pTVIAY,true,2024-02-22,Pledge,Conditional,true,Pledge
a2EVa0000000PrFMAU,014027372,2024-02-23T20:05:45.000+0000,false,2024-07-21T22:47:10.000+0000,a16Va000000UfVZIA0,001Va000003Ip3yIAC,2000,0,a0lVa0000001rgbIAA,false,2024-02-23,Pledge,Unconditional,false,Pledge
a2EVa0000000PrGMAU,014027373,2024-02-23T20:05:45.000+0000,false,2024-07-21T22:47:10.000+0000,a16Va000000UfVZIA0,001Va000003Ip3yIAC,2000,2000,a0lVa0000001rgbIAA,false,2024-02-23,Pledge,Unconditional,false,Pledge
a2EVa0000000PrHMAU,014027374,2024-02-23T20:05:45.000+0000,false,2024-07-21T22:47:10.000+0000,a16Va000000UfVZIA0,001Va000003Ip3yIAC,2000,2000,a0lVa0000001rgbIAA,false,2024-02-23,Pledge,Unconditional,false,Pledge
a2EVa0000000PrIMAU,014027375,2024-02-23T20:05:45.000+0000,false,2024-07-21T22:47:10.000+0000,a16Va000000UfVZIA0,001Va000003Ip3yIAC,2000,2000,a0lVa0000001rgbIAA,false,2024-02-23,Pledge,Unconditional,false,Pledge
a2EVa0000000PrJMAU,014027376,2024-02-23T20:05:45.000+0000,false,2024-07-21T22:47:10.000+0000,a16Va000000UfVZIA0,001Va000003Ip3yIAC,2000,2000,a0lVa0000001rgbIAA,false,2024-02-23,Pledge,Unconditional,false,Pledge
a2EVa0000000PsrMAE,014027377,2024-02-23T20:09:30.000+0000,false,2024-07-21T22:47:10.000+0000,a16Va000000UfVZIA0,001Va000003Ip3yIAC,2000,0,a0lVa0000001riDIAQ,false,2024-02-23,Check,Unconditional,true,Payment
a2EVa0000000PssMAE,014027378,2024-02-23T20:09:32.000+0000,false,2024-07-21T22:47:10.000+0000,a16Va000000UfVZIA0,001Va000003Ip3yIAC,-2000,0,a0lVa0000001riDIAQ,false,2024-02-23,Pledge,Unconditional,true,Pledge
a2EVa0000000PuTMAU,014027379,2024-02-23T20:15:56.000+0000,false,2024-07-21T22:47:10.000+0000,a16Va000000UfVZIA0,001Va000003Ip3yIAC,-2000,-2000,a0lVa0000001rjpIAA,false,2024-02-23,Pledge,Unconditional,false,Pledge
a2EVa0000000PuUMAU,014027380,2024-02-23T20:15:56.000+0000,false,2024-07-21T22:47:10.000+0000,a16Va000000UfVZIA0,001Va000003Ip3yIAC,-2000,-2000,a0lVa0000001rjpIAA,false,2024-02-23,Pledge,Unconditional,false,Pledge
a2EVa0000000PuVMAU,014027381,2024-02-23T20:15:56.000+0000,false,2024-07-21T22:47:10.000+0000,a16Va000000UfVZIA0,001Va000003Ip3yIAC,-2000,-2000,a0lVa0000001rjpIAA,false,2024-02-23,Pledge,Unconditional,false,Pledge
a2EVa0000000PuWMAU,014027382,2024-02-23T20:15:56.000+0000,false,2024-07-21T22:47:10.000+0000,a16Va000000UfVZIA0,001Va000003Ip3yIAC,-2000,-2000,a0lVa0000001rjpIAA,false,2024-02-23,Pledge,Unconditional,false,Pledge
a2EVa0000000RwHMAU,014027385,2024-02-25T00:37:08.000+0000,false,2024-07-16T13:02:45.000+0000,a16Va000000JCyqIAG,001Va000002eYYXIA2,20,0,,false,,Check,,false,
a2EVa0000000RxtMAE,014027386,2024-02-25T03:04:53.000+0000,false,2024-07-16T13:02:45.000+0000,a16Va000000JCrtIAG,001Va000002eTIJIA2,1000,0,,false,,Check,,false,
a2EVa0000000TrdMAE,014027387,2024-02-25T15:33:09.000+0000,false,2024-07-16T13:02:45.000+0000,a16Va000000JCrtIAG,001Va000002ebxNIAQ,1000,0,,false,,Check,Unconditional,false,
a2EVa0000000TtFMAU,014027388,2024-02-25T15:36:22.000+0000,false,2024-07-16T13:02:45.000+0000,a16Va000000JCrtIAG,001Va000002ebxNIAQ,1000,0,,false,,Check,,false,
a2EVa0000000TurMAE,014027389,2024-02-25T15:39:14.000+0000,false,2024-07-16T13:02:45.000+0000,a16Va000000JCrtIAG,001Va000002ebxNIAQ,1000,0,,false,,Check,,false,
a2EVa0000000TwTMAU,014027390,2024-02-25T15:50:08.000+0000,false,2024-07-21T22:47:10.000+0000,a16Va000000UgD9IAK,001Va000003ZRZtIAO,250,0,a0lVa0000001tSHIAY,false,2024-02-25,Soft Credit,,false,Soft Credit
a2EVa0000000TwUMAU,014027391,2024-02-25T15:50:08.000+0000,false,2024-07-21T22:47:10.000+0000,a16Va000000UgD7IAK,001Va000003ZRZtIAO,100,0,a0lVa0000001tSHIAY,false,2024-02-25,Check,,false,Payment
a2EVa0000000TwVMAU,014027392,2024-02-25T15:50:08.000+0000,false,2024-07-21T22:47:10.000+0000,a16Va000000UgD8IAK,001Va000003ZRZtIAO,150,0,a0lVa0000001tSHIAY,false,2024-02-25,Check,,false,Payment
a2EVa0000000WKrMAM,014027393,2024-02-26T20:50:52.000+0000,false,2024-07-21T22:47:10.000+0000,a16Va000000UhynIAC,001Va000003Ip3yIAC,2000,0,a0lVa0000001vM1IAI,false,2024-02-26,Check,,false,Payment
a2EVa0000000WKsMAM,014027394,2024-02-26T20:50:52.000+0000,false,2024-07-21T22:47:10.000+0000,a16Va000000UhyoIAC,001Va000003jsXIIAY,3000,0,a0lVa0000001vM1IAI,false,2024-02-26,Credit Card,,false,Payment
a2EVa0000000WKtMAM,014027395,2024-02-26T20:50:55.000+0000,false,2024-07-21T22:47:10.000+0000,a16Va000000UhypIAC,001Va000002eYYXIA2,2000,0,a0lVa0000001vM1IAI,false,2024-02-26,Soft Credit,,false,Soft Credit
a2EVa0000000dm9MAA,014027396,2024-02-28T15:30:04.000+0000,false,2024-07-21T22:47:10.000+0000,a16Va000000JCrtIAG,001Va000002eTIJIA2,1000,0,a0lVa0000001Fg9IAE,false,,Check,,false,Payment
a2EVa0000000dmAMAQ,014027397,2024-02-28T15:30:04.000+0000,false,2024-07-21T22:47:10.000+0000,a16Va000000JCrtIAG,001Va000002eTIJIA2,1000,0,a0lVa0000001Fg9IAE,false,,Check,,false,
a2EVa0000000dmBMAQ,014027398,2024-02-28T15:30:04.000+0000,false,2024-07-21T22:47:10.000+0000,a16Va000000JCrtIAG,001Va000002eTIJIA2,1000,0,a0lVa0000001rgbIAA,false,,Check,,false,Grant Payment
a2EVa0000000dmCMAQ,014027399,2024-02-28T15:30:04.000+0000,false,2024-07-21T22:47:10.000+0000,a16Va000000JCrtIAG,001Va000002eTIJIA2,1000,0,a0lVa0000001rgbIAA,false,,Cash,,false,Grant Payment
a2EVa0000000dmDMAQ,014027400,2024-02-28T15:30:04.000+0000,false,2024-07-21T22:47:10.000+0000,a16Va000000JCrtIAG,001Va000002eTIJIA2,1000,0,a0lVa0000001rgbIAA,true,,ACH,Conditional,true,Payment
a2EVa0000000dmEMAQ,014027401,2024-02-28T15:30:04.000+0000,false,2024-07-21T22:47:10.000+0000,a16Va000000JCrtIAG,001Va000002eTIJIA2,1000,0,a0lVa0000001rgbIAA,true,,Credit Card,Conditional,true,Payment
a2EVa0000000dmFMAQ,014027402,2024-02-28T15:30:04.000+0000,false,2024-07-21T22:47:10.000+0000,a16Va000000JCrtIAG,001Va000002eTIJIA2,1000,0,a0lVa0000001rgbIAA,true,,Cash,Conditional,true,Payment
a2EVa0000000dmGMAQ,014027403,2024-02-28T15:30:04.000+0000,false,2024-07-21T22:47:10.000+0000,a16Va000000JCrtIAG,001Va000002eTIJIA2,1000,0,a0lVa0000001rgbIAA,true,,Credit Card,Conditional,false,Payment
a2EVa0000000dmHMAQ,014027404,2024-02-28T15:30:04.000+0000,false,2024-07-21T22:47:10.000+0000,a16Va000000JCrtIAG,001Va000002eTIJIA2,1000,0,a0lVa0000001rgbIAA,true,,Cash,Conditional,false,Payment
a2EVa0000000dmIMAQ,014027405,2024-02-28T15:30:04.000+0000,false,2024-07-21T22:47:10.000+0000,a16Va000000JCrtIAG,001Va000002eTIJIA2,1000,0,a0lVa0000001rgbIAA,true,,PayPal,Conditional,true,Payment
a2EVa0000000dmJMAQ,014027406,2024-02-28T15:30:04.000+0000,false,2024-07-21T22:47:10.000+0000,a16Va000000JCrtIAG,001Va000002eTIJIA2,1000,0,a0lVa0000001rgbIAA,false,,PayPal,,false,Payment
a2EVa0000000g0rMAA,014027407,2024-02-29T17:57:57.000+0000,false,2024-07-21T22:47:10.000+0000,a16Va000000UkS1IAK,001Va000003jlynIAA,3000,0,a0lVa00000024kHIAQ,true,2024-02-29,Pledge,Conditional,false,Pledge
a2EVa0000000g0sMAA,014027408,2024-02-29T17:57:59.000+0000,false,2024-07-21T22:47:10.000+0000,a16Va000000UkS1IAK,001Va000003jlynIAA,3000,0,a0lVa00000024kHIAQ,true,2024-02-29,Check,Conditional,true,Payment
a2EVa0000000g0tMAA,014027409,2024-02-29T17:57:59.000+0000,false,2024-07-21T22:47:10.000+0000,a16Va000000UkS1IAK,001Va000003jlynIAA,-3000,0,a0lVa00000024kHIAQ,true,2024-02-29,Pledge,Conditional,true,Pledge
a2EVa0000000g2TMAQ,014027410,2024-02-29T18:20:46.000+0000,false,2024-07-21T22:47:10.000+0000,a16Va000000UkTdIAK,001Va000003jsXIIAY,1000,0,a0lVa00000024p7IAA,false,2024-02-29,Check,,false,Payment
a2EVa0000000g2UMAQ,014027411,2024-02-29T18:20:46.000+0000,false,2024-07-21T22:47:10.000+0000,a16Va000000UkTeIAK,001Va000003Ip3yIAC,1500,0,a0lVa00000024p7IAA,false,2024-02-29,Check,,false,Payment
a2EVa0000000g2VMAQ,014027412,2024-02-29T18:20:46.000+0000,false,2024-07-21T22:47:10.000+0000,a16Va000000UkTfIAK,001Va000003jsXIIAY,2500,0,a0lVa00000024p7IAA,false,2024-02-29,Check,,false,Payment
a2EVa0000000g2WMAQ,014027413,2024-02-29T18:20:47.000+0000,false,2024-07-21T22:47:10.000+0000,a16Va000000UkTgIAK,001Va000002eYYXIA2,1500,0,a0lVa00000024p7IAA,false,2024-02-29,Soft Credit,,false,Soft Credit
a2EVa0000000g45MAA,014027414,2024-02-29T18:24:53.000+0000,false,2024-07-21T22:47:10.000+0000,a16Va000000UkVFIA0,001Va000003jlynIAA,1000,1000,a0lVa00000024sLIAQ,true,2024-02-29,Pledge,Conditional,false,Pledge
a2EVa0000000g5hMAA,014027415,2024-02-29T18:27:54.000+0000,false,2024-07-21T22:47:10.000+0000,a16Va000000UkVFIA0,001Va000003jlynIAA,-1000,-1000,a0lVa00000024txIAA,true,2024-02-29,Pledge,Conditional,false,Pledge
a2EVa0000000iDxMAI,014027416,2024-03-01T16:51:14.000+0000,false,2024-07-21T22:47:10.000+0000,a16Va000000UlUXIA0,001Va000003Ip3yIAC,1000,0,a0lVa00000025tFIAQ,false,2024-03-01,Pledge,Unconditional,false,Pledge
a2EVa0000000iDyMAI,014027417,2024-03-01T16:51:14.000+0000,false,2024-07-21T22:47:10.000+0000,a16Va000000UlUXIA0,001Va000003Ip3yIAC,1000,1000,a0lVa00000025tFIAQ,false,2024-03-01,Pledge,Unconditional,false,Pledge
a2EVa0000000iDzMAI,014027418,2024-03-01T16:51:14.000+0000,false,2024-07-21T22:47:10.000+0000,a16Va000000UlUXIA0,001Va000003Ip3yIAC,1000,1000,a0lVa00000025tFIAQ,false,2024-03-01,Pledge,Unconditional,false,Pledge
a2EVa0000000iE0MAI,014027419,2024-03-01T16:51:14.000+0000,false,2024-07-21T22:47:10.000+0000,a16Va000000UlUXIA0,001Va000003Ip3yIAC,1000,1000,a0lVa00000025tFIAQ,false,2024-03-01,Pledge,Unconditional,false,Pledge
a2EVa0000000iE1MAI,014027420,2024-03-01T16:51:14.000+0000,false,2024-07-21T22:47:10.000+0000,a16Va000000UlUXIA0,001Va000003Ip3yIAC,1000,1000,a0lVa00000025tFIAQ,false,2024-03-01,Pledge,Unconditional,false,Pledge
a2EVa0000000iFZMAY,014027421,2024-03-01T16:54:58.000+0000,false,2024-07-21T22:47:10.000+0000,a16Va000000UlW9IAK,001Va000002eYYXIA2,1000,0,a0lVa00000025wTIAQ,false,2024-03-01,Check,,false,Payment
a2EVa0000000iFaMAI,014027422,2024-03-01T16:54:58.000+0000,false,2024-07-21T22:47:10.000+0000,a16Va000000UlUXIA0,001Va000003Ip3yIAC,-1000,0,a0lVa00000025wTIAQ,false,2024-03-01,Pledge,,false,Pledge
a2EVa0000000iFbMAI,014027423,2024-03-01T16:54:58.000+0000,false,2024-07-21T22:47:10.000+0000,a16Va000000UlUXIA0,001Va000003Ip3yIAC,1000,0,a0lVa00000025wTIAQ,false,2024-03-01,Soft Credit,,false,Soft Credit
a2EVa0000000iFcMAI,014027424,2024-03-01T16:54:59.000+0000,false,2024-07-21T22:47:10.000+0000,a16Va000000UlUXIA0,001Va000003Ip3yIAC,1000,0,a0lVa00000025wTIAQ,false,2024-03-01,Soft Credit,,false,Soft Credit
a2EVa0000000nqLMAQ,014027425,2024-03-03T22:20:26.000+0000,false,2024-07-21T22:47:10.000+0000,a16Va000000UmvFIAS,001Va000003zgOnIAI,2500,0,a0lVa00000028uLIAQ,false,2024-03-03,Check,,false,Payment
a2EVa0000000nqMMAQ,014027426,2024-03-03T22:20:26.000+0000,false,2024-07-21T22:47:10.000+0000,a16Va000000UmvJIAS,001Va0000040GldIAE,25000,0,a0lVa00000028uLIAQ,false,2024-03-03,Check,,false,Payment
a2EVa0000000nqNMAQ,014027427,2024-03-03T22:20:26.000+0000,false,2024-07-21T22:47:10.000+0000,a16Va000000UmvGIAS,001Va00000407YkIAI,5000,0,a0lVa00000028uLIAQ,false,2024-03-03,Check,,false,Payment
a2EVa0000000nqOMAQ,014027428,2024-03-03T22:20:26.000+0000,false,2024-07-21T22:47:10.000+0000,a16Va000000UmvHIAS,001Va00000404m7IAA,7500,0,a0lVa00000028uLIAQ,false,2024-03-03,Check,,false,Payment
a2EVa0000000nqPMAQ,014027429,2024-03-03T22:20:26.000+0000,false,2024-07-21T22:47:10.000+0000,a16Va000000UmvIIAS,001Va0000040BfZIAU,10000,0,a0lVa00000028uLIAQ,false,2024-03-03,Check,,false,Payment
a2EVa0000000nqQMAQ,014027430,2024-03-03T22:20:27.000+0000,false,2024-07-21T22:47:10.000+0000,a16Va000000UmvKIAS,001Va000003zW9LIAU,2500,0,a0lVa00000028uLIAQ,false,2024-03-03,Soft Credit,,false,Soft Credit
a2EVa0000000nqRMAQ,014027431,2024-03-03T22:20:27.000+0000,false,2024-07-21T22:47:10.000+0000,a16Va000000UmvLIAS,001Va000003zemoIAA,25000,0,a0lVa00000028uLIAQ,false,2024-03-03,Soft Credit,,false,Soft Credit
a2EVa0000000nqSMAQ,014027432,2024-03-03T22:20:27.000+0000,false,2024-07-21T22:47:10.000+0000,a16Va000000UmvMIAS,001Va000003zczWIAQ,5000,0,a0lVa00000028uLIAQ,false,2024-03-03,Soft Credit,,false,Soft Credit
a2EVa0000000nqTMAQ,014027433,2024-03-03T22:20:27.000+0000,false,2024-07-21T22:47:10.000+0000,a16Va000000UmvNIAS,001Va000003zCx4IAE,7500,0,a0lVa00000028uLIAQ,false,2024-03-03,Soft Credit,,false,Soft Credit
a2EVa0000000nqUMAQ,014027434,2024-03-03T22:20:27.000+0000,false,2024-07-21T22:47:10.000+0000,a16Va000000UmvOIAS,001Va000003zGMLIA2,10000,0,a0lVa00000028uLIAQ,false,2024-03-03,Soft Credit,,false,Soft Credit
a2EVa0000000nrxMAA,014027435,2024-03-03T22:30:04.000+0000,false,2024-07-21T22:47:10.000+0000,a16Va000000UmwvIAC,001Va000003zemoIAA,25000,0,a0lVa00000028vxIAA,false,2024-03-03,Soft Credit,,false,Soft Credit
a2EVa0000000nryMAA,014027436,2024-03-03T22:30:04.000+0000,false,2024-07-21T22:47:10.000+0000,a16Va000000UmwrIAC,001Va000003zW9LIAU,2500,0,a0lVa00000028vxIAA,false,2024-03-03,Soft Credit,,false,Soft Credit
a2EVa0000000nrzMAA,014027437,2024-03-03T22:30:04.000+0000,false,2024-07-21T22:47:10.000+0000,a16Va000000UmwsIAC,001Va000003zczWIAQ,5000,0,a0lVa00000028vxIAA,false,2024-03-03,Soft Credit,,false,Soft Credit
a2EVa0000000ns0MAA,014027438,2024-03-03T22:30:04.000+0000,false,2024-07-21T22:47:10.000+0000,a16Va000000UmwtIAC,001Va000003zczWIAQ,7500,0,a0lVa00000028vxIAA,false,2024-03-03,Soft Credit,,false,Soft Credit
a2EVa0000000ns1MAA,014027439,2024-03-03T22:30:04.000+0000,false,2024-07-21T22:47:10.000+0000,a16Va000000UmwuIAC,001Va000003zGMLIA2,10000,0,a0lVa00000028vxIAA,false,2024-03-03,Soft Credit,,false,Soft Credit
a2EVa0000000tAzMAI,014027440,2024-03-04T18:31:37.000+0000,false,2024-07-21T22:47:10.000+0000,a16Va000000Un9lIAC,001Va000003ZRZtIAO,500,0,a0lVa0000002ABNIA2,false,2024-03-04,Check,,false,Payment
a2EVa0000000tB0MAI,014027441,2024-03-04T18:31:37.000+0000,false,2024-07-21T22:47:10.000+0000,a16Va000000Un9lIAC,001Va000003ZRZtIAO,500,0,a0lVa0000002ABNIA2,false,2024-03-04,Check,,false,Payment
a2EVa0000000tCbMAI,014027442,2024-03-04T18:43:21.000+0000,false,2024-07-21T22:47:10.000+0000,a16Va000000Un9lIAC,001Va000003ZRZtIAO,500,0,a0lVa0000002ACzIAM,false,2024-03-04,Check,,false,Payment
a2EVa0000000tCcMAI,014027443,2024-03-04T18:43:21.000+0000,false,2024-07-21T22:47:10.000+0000,a16Va000000Un9lIAC,001Va000003ZRZtIAO,500,0,a0lVa0000002ACzIAM,false,2024-03-04,Check,,false,Payment
a2EVa0000000tCdMAI,014027444,2024-03-04T18:43:23.000+0000,false,2024-07-21T22:47:10.000+0000,a16Va000000Un9lIAC,001Va000003ZRZtIAO,-500,0,a0lVa0000002ACzIAM,false,2024-03-04,Check,,false,Payment
a2EVa0000000tCeMAI,014027445,2024-03-04T18:43:23.000+0000,false,2024-07-21T22:47:10.000+0000,a16Va000000Un9lIAC,001Va000003ZRZtIAO,-500,0,a0lVa0000002ACzIAM,false,2024-03-04,Check,,false,Payment
a2EVa0000000tFpMAI,014027446,2024-03-04T18:52:52.000+0000,false,2024-07-21T22:47:10.000+0000,a16Va000000UnBNIA0,001Va000003ZRZtIAO,1000,0,a0lVa0000002AHpIAM,false,2024-03-04,Check,,false,Payment
a2EVa0000000tKfMAI,014027447,2024-03-04T19:13:17.000+0000,false,2024-07-21T22:47:10.000+0000,a16Va000000JCrtIAG,001Va000002eTIJIA2,1000,0,a0lVa0000001Fg9IAE,false,,Check,,false,Grant
a2EVa0000000tR7MAI,014027448,2024-03-04T19:28:16.000+0000,false,2024-07-21T22:47:10.000+0000,a16Va000000JCrtIAG,001Va000002eTIJIA2,1000,0,a0lVa0000001rgbIAA,true,,Personal Property,Conditional,true,Payment
a2EVa0000000tpJMAQ,014027449,2024-03-05T04:24:59.000+0000,false,2024-07-21T22:47:10.000+0000,a16Va000000UgD7IAK,001Va000003ZRZtIAO,-100,0,a0lVa0000002AzNIAU,false,2024-03-04,Check,,false,Payment
a2EVa0000000vxZMAQ,014027450,2024-03-05T12:24:37.000+0000,false,2024-07-21T22:47:10.000+0000,a16Va000000UnBNIA0,001Va000003ZRZtIAO,1000,0,a0lVa0000002BLxIAM,false,2024-03-05,Check,,false,Payment
a2EVa0000000vxaMAA,014027451,2024-03-05T12:24:40.000+0000,false,2024-07-21T22:47:10.000+0000,a16Va000000UnBNIA0,001Va000003ZRZtIAO,-1000,0,a0lVa0000002BLxIAM,false,2024-03-05,Check,,false,Payment
a2EVa0000000waHMAQ,014027452,2024-03-05T16:54:40.000+0000,false,2024-07-16T13:02:47.000+0000,a16Va000000JCrtIAG,001Va000002eTIJIA2,1000,0,,false,,Check,,false,
a2EVa0000001PnZMAU,014027453,2024-03-19T13:24:42.000+0000,false,2024-07-21T22:47:10.000+0000,a16Va000000V2C1IAK,001Va000003jsXIIAY,10000,0,a0lVa0000002VSjIAM,false,2024-03-18,Pledge,Unconditional,false,Pledge
a2EVa0000001PpBMAU,014027454,2024-03-19T13:28:48.000+0000,false,2024-07-21T22:47:10.000+0000,a16Va000000V2DdIAK,001Va000004dpDSIAY,10000,0,a0lVa0000002VULIA2,false,2024-03-19,Check,,false,Payment
a2EVa0000001PpCMAU,014027455,2024-03-19T13:28:48.000+0000,false,2024-07-21T22:47:10.000+0000,a16Va000000V2C1IAK,001Va000003jsXIIAY,-10000,0,a0lVa0000002VULIA2,false,2024-03-19,Pledge,,false,Pledge
a2EVa0000001PpDMAU,014027456,2024-03-19T13:28:49.000+0000,false,2024-07-21T22:47:10.000+0000,a16Va000000V2C1IAK,001Va000003jsXIIAY,10000,0,a0lVa0000002VULIA2,false,2024-03-19,Soft Credit,,false,Soft Credit
a2EVa0000001Q6vMAE,014027457,2024-03-19T16:41:03.000+0000,false,2024-07-21T22:47:10.000+0000,a16Va000000V2GrIAK,001Va000003ZRZtIAO,1200,0,a0lVa0000002TsLIAU,false,2024-03-18,Check,,false,Payment
a2EVa0000001QEzMAM,014027458,2024-03-19T17:35:54.000+0000,false,2024-07-21T22:47:10.000+0000,a16Va000000V2K5IAK,001Va000003ZRZtIAO,350,0,a0lVa0000002VnhIAE,false,2024-03-19,Check,,false,Payment
a2EVa0000001QF0MAM,014027459,2024-03-19T17:35:54.000+0000,false,2024-07-21T22:47:10.000+0000,a16Va000000V2K6IAK,001Va000003ZRZtIAO,351,0,a0lVa0000002VnhIAE,false,2024-03-19,Credit Card,,false,Payment
a2EVa0000001QF1MAM,014027460,2024-03-19T17:35:54.000+0000,false,2024-07-21T22:47:10.000+0000,a16Va000000V2K7IAK,001Va000003ZRZtIAO,44000,0,a0lVa0000002VnhIAE,false,2024-03-19,Securities,,false,Payment
a2EVa0000001QGbMAM,014027461,2024-03-19T19:06:50.000+0000,false,2024-07-21T22:47:10.000+0000,a16Va000000V2iHIAS,001Va000003ZRZtIAO,2000,0,a0lVa0000002VpJIAU,false,2024-03-19,Check,,false,Payment
a2EVa0000001QGcMAM,014027462,2024-03-19T19:06:50.000+0000,false,2024-07-21T22:47:10.000+0000,a16Va000000V2iIIAS,001Va000003ZRZtIAO,3000,0,a0lVa0000002VpJIAU,false,2024-03-19,Credit Card,,false,Payment
a2EVa0000001QGdMAM,014027463,2024-03-19T19:06:50.000+0000,false,2024-07-21T22:47:10.000+0000,a16Va000000V2iJIAS,001Va000003ZRZtIAO,250,0,a0lVa0000002VpJIAU,false,2024-03-19,Securities,,false,Payment
a2EVa0000001QIDMA2,014027464,2024-03-19T21:30:20.000+0000,false,2024-07-21T22:47:10.000+0000,a16Va000000V2iHIAS,001Va000003ZRZtIAO,2000,0,a0lVa0000002W2DIAU,false,2024-03-19,Check,,false,Payment
a2EVa0000001QIEMA2,014027465,2024-03-19T21:30:22.000+0000,false,2024-07-21T22:47:10.000+0000,a16Va000000V2K5IAK,001Va000003ZRZtIAO,-350,0,a0lVa0000002W2DIAU,false,2024-03-19,Check,,false,Payment
a2EVa0000001QIFMA2,014027466,2024-03-19T21:30:22.000+0000,false,2024-07-21T22:47:10.000+0000,a16Va000000V2iHIAS,001Va000003ZRZtIAO,-2000,0,a0lVa0000002W2DIAU,false,2024-03-19,Check,,false,Payment
a2EVa0000001QOfMAM,014027467,2024-03-19T22:36:58.000+0000,false,2024-07-21T22:47:10.000+0000,a16Va000000V2iIIAS,001Va000003ZRZtIAO,3000,0,a0lVa0000002WAHIA2,false,2024-03-19,Credit Card,,false,Payment
a2EVa0000001QOgMAM,014027468,2024-03-19T22:37:00.000+0000,false,2024-07-21T22:47:10.000+0000,a16Va000000V2iIIAS,001Va000003ZRZtIAO,-3000,0,a0lVa0000002WAHIA2,false,2024-03-19,Credit Card,,false,Payment
a2EVa0000001QOhMAM,014027469,2024-03-19T22:37:00.000+0000,false,2024-07-21T22:47:10.000+0000,a16Va000000V2iJIAS,001Va000003ZRZtIAO,-250,0,a0lVa0000002WAHIA2,false,2024-03-19,Securities,,false,Payment
a2EVa0000001tiPMAQ,014027470,2024-03-23T16:12:39.000+0000,false,2024-07-21T22:47:10.000+0000,a16Va000000V7GXIA0,001Va000004oaafIAA,,0,a0lVa0000001Fg9IAE,false,2024-03-23,Check,,false,Payment
a2EVa0000001tthMAA,014027471,2024-03-23T16:50:32.000+0000,false,2024-07-21T22:47:10.000+0000,a16Va000000V7RpIAK,001Va000004oaafIAA,,0,a0lVa0000001Fg9IAE,false,2024-03-23,Check,,false,Payment
a2EVa0000001twvMAA,014027472,2024-03-23T17:04:01.000+0000,false,2024-07-21T22:47:10.000+0000,a16Va000000JCrtIAG,001Va000004oaafIAA,,0,a0lVa0000001Fg9IAE,false,2024-03-23,Check,,false,Payment
a2EVa0000002I7JMAU,014027473,2024-04-17T05:06:09.000+0000,false,2024-07-21T22:47:10.000+0000,a16Va000000VS3FIAW,001Va000003ZRZtIAO,30,0,a0lVa0000003ROfIAM,false,2024-04-16,Check,,false,Payment
a2EVa0000002IdZMAU,014027474,2024-04-18T03:02:34.000+0000,false,2024-07-21T22:47:10.000+0000,a16Va000000VT2XIAW,001Va000003ZRZtIAO,2500,0,a0lVa0000003U3BIAU,false,2024-04-17,Credit Card,,false,Payment
a2EVa0000002J9pMAE,014027475,2024-04-21T23:20:33.000+0000,false,2024-07-21T22:47:10.000+0000,a16Va000000VVVmIAO,001Va000003ZRZtIAO,45,0,a0lVa0000003bvtIAA,false,2024-04-21,Credit Card,,false,Payment
a2EVa0000002J9qMAE,014027476,2024-04-21T23:20:33.000+0000,false,2024-07-21T22:47:10.000+0000,a16Va000000VVVlIAO,001Va000003ZRZtIAO,40,0,a0lVa0000003bvtIAA,false,2024-04-21,Check,,false,Payment
a2EVa0000002JBRMA2,014027477,2024-04-21T23:54:20.000+0000,false,2024-07-21T22:47:10.000+0000,a16Va000000VVXNIA4,001Va000003ZRZtIAO,1000,0,a0lVa0000003bxVIAQ,false,2024-04-21,Check,,false,Payment
a2EVa0000002JBSMA2,014027478,2024-04-21T23:54:20.000+0000,false,2024-07-21T22:47:10.000+0000,a16Va000000VVXOIA4,001Va000003ZRZtIAO,1100,0,a0lVa0000003bxVIAQ,false,2024-04-21,Credit Card,,false,Payment
a2EVa0000002JBTMA2,014027479,2024-04-21T23:54:20.000+0000,false,2024-07-21T22:47:10.000+0000,a16Va000000VVXPIA4,001Va000003ZRZtIAO,1200,0,a0lVa0000003bxVIAQ,false,2024-04-21,Securities,,false,Payment
a2EVa0000002JBUMA2,014027480,2024-04-21T23:54:20.000+0000,false,2024-07-21T22:47:10.000+0000,a16Va000000VVXQIA4,001Va000003ZRZtIAO,1300,0,a0lVa0000003bxVIAQ,false,2024-04-21,ACH,,false,Payment
a2EVa0000002JBVMA2,014027481,2024-04-21T23:54:20.000+0000,false,2024-07-21T22:47:10.000+0000,a16Va000000VVXRIA4,001Va000003ZRZtIAO,1400,0,a0lVa0000003bxVIAQ,false,2024-04-21,Wire,,false,Payment
a2EVa0000002JD3MAM,014027482,2024-04-22T02:39:16.000+0000,false,2024-07-21T22:47:10.000+0000,a16Va000000VVYzIAO,001Va000003ZRZtIAO,2500,0,a0lVa0000003c2LIAQ,false,2024-04-21,PayPal,,false,Payment
a2EVa0000002JEfMAM,014027483,2024-04-22T02:55:20.000+0000,false,2024-07-21T22:47:10.000+0000,a16Va000000UeCvIAK,001Va000003ZRZtIAO,2000,0,a0lVa0000003c5ZIAQ,true,2024-04-21,Check,Conditional,true,Payment
a2EVa0000002JEgMAM,014027484,2024-04-22T02:55:22.000+0000,false,2024-07-21T22:47:10.000+0000,a16Va000000UeCvIAK,001Va000003ZRZtIAO,-2000,0,a0lVa0000003c5ZIAQ,true,2024-04-21,Pledge,Conditional,true,Pledge
a2EVa0000002JGHMA2,014027485,2024-04-22T03:10:33.000+0000,false,2024-07-21T22:47:10.000+0000,a16Va000000VVabIAG,001Va000003ZRZtIAO,2000,0,a0lVa0000003c7BIAQ,false,2024-03-01,Pledge,Unconditional,false,Pledge
a2EVa0000002JGIMA2,014027486,2024-04-22T03:10:33.000+0000,false,2024-07-21T22:47:10.000+0000,a16Va000000VVabIAG,001Va000003ZRZtIAO,2000,2000,a0lVa0000003c7BIAQ,false,2024-03-01,Pledge,Unconditional,false,Pledge
a2EVa0000002JGJMA2,014027487,2024-04-22T03:10:33.000+0000,false,2024-07-21T22:47:10.000+0000,a16Va000000VVabIAG,001Va000003ZRZtIAO,2000,2000,a0lVa0000003c7BIAQ,false,2024-03-01,Pledge,Unconditional,false,Pledge
a2EVa0000002JGKMA2,014027488,2024-04-22T03:10:33.000+0000,false,2024-07-21T22:47:10.000+0000,a16Va000000VVabIAG,001Va000003ZRZtIAO,2000,2000,a0lVa0000003c7BIAQ,false,2024-03-01,Pledge,Unconditional,false,Pledge
a2EVa0000002JGLMA2,014027489,2024-04-22T03:10:33.000+0000,false,2024-07-21T22:47:10.000+0000,a16Va000000VVabIAG,001Va000003ZRZtIAO,2000,2000,a0lVa0000003c7BIAQ,false,2024-03-01,Pledge,Unconditional,false,Pledge
a2EVa0000002JHtMAM,014027490,2024-04-22T03:19:30.000+0000,false,2024-07-21T22:47:10.000+0000,a16Va000000VVcDIAW,001Va000003ZRZtIAO,150,0,a0lVa0000003c3xIAA,false,2024-04-21,Transfer,,false,Payment
a2EVa0000002JL7MAM,014027491,2024-04-22T03:32:44.000+0000,false,2024-07-21T22:47:10.000+0000,a16Va000000VVabIAG,001Va000003ZRZtIAO,2000,0,a0lVa0000003c8nIAA,false,2024-03-01,Credit Card,Unconditional,true,Payment
a2EVa0000002JL8MAM,014027492,2024-04-22T03:32:45.000+0000,false,2024-07-21T22:47:10.000+0000,a16Va000000VVabIAG,001Va000003ZRZtIAO,-2000,0,a0lVa0000003c8nIAA,false,2024-03-01,Pledge,Unconditional,true,Pledge
a2EVa0000002MpFMAU,014027493,2024-04-24T15:58:45.000+0000,false,2024-07-21T22:47:10.000+0000,a16Va000000VVVlIAO,001Va000003ZRZtIAO,40,0,a0lVa0000003buHIAQ,false,2024-04-21,Check,,false,Payment
a2EVa0000002MpGMAU,014027494,2024-04-24T15:58:48.000+0000,false,2024-07-21T22:47:10.000+0000,a16Va000000VVVlIAO,001Va000003ZRZtIAO,-40,0,a0lVa0000003buHIAQ,false,2024-04-21,Check,,false,Payment
a2EVa0000002NLVMA2,014027495,2024-04-25T19:32:39.000+0000,false,2024-07-21T22:47:10.000+0000,a16Va000000VVVmIAO,001Va000003ZRZtIAO,-45,0,a0lVa0000003wInIAI,false,2024-04-25,Credit Card,,false,Payment
a2EVa0000002NN7MAM,014027496,2024-04-25T19:58:49.000+0000,false,2024-07-21T22:47:10.000+0000,a16Va000000VS3FIAW,001Va000003ZRZtIAO,30,0,a0lVa0000003wKPIAY,false,2024-04-25,Check,,false,Payment
a2EVa0000002NN8MAM,014027497,2024-04-25T19:58:50.000+0000,false,2024-07-21T22:47:10.000+0000,a16Va000000VS3FIAW,001Va000003ZRZtIAO,-30,0,a0lVa0000003wKPIAY,false,2024-04-25,Check,,false,Payment
a2EVa0000002NOjMAM,014027498,2024-04-25T20:32:18.000+0000,false,2024-07-21T22:47:10.000+0000,a16Va000000UgD9IAK,001Va000003ZRZtIAO,250,0,a0lVa0000003wNdIAI,false,2024-04-25,Soft Credit,,false,Soft Credit
a2EVa0000002NOkMAM,014027499,2024-04-25T20:32:20.000+0000,false,2024-07-21T22:47:10.000+0000,a16Va000000UgD9IAK,001Va000003ZRZtIAO,-250,0,a0lVa0000003wNdIAI,false,2024-04-25,Soft Credit,,false,Soft Credit
a2EVa0000002NQLMA2,014027500,2024-04-25T20:44:20.000+0000,false,2024-07-21T22:47:10.000+0000,a16Va000000VVXOIA4,001Va000003ZRZtIAO,1100,0,a0lVa0000003wPFIAY,false,2024-04-25,Credit Card,,false,Payment
a2EVa0000002NQMMA2,014027501,2024-04-25T20:44:21.000+0000,false,2024-07-21T22:47:10.000+0000,a16Va000000VVXOIA4,001Va000003ZRZtIAO,-1100,0,a0lVa0000003wPFIAY,false,2024-04-25,Credit Card,,false,Payment
a2EVa0000002NerMAE,014027502,2024-04-26T13:22:18.000+0000,false,2024-07-21T22:47:10.000+0000,a16Va000000VVXPIA4,001Va000003ZRZtIAO,1200,0,a0lVa0000003z5NIAQ,false,2024-04-26,Securities,,false,Payment
a2EVa0000002NesMAE,014027503,2024-04-26T13:22:19.000+0000,false,2024-07-21T22:47:10.000+0000,a16Va000000VVXPIA4,001Va000003ZRZtIAO,-1200,0,a0lVa0000003z5NIAQ,false,2024-04-26,Securities,,false,Payment
a2EVa0000002Ni5MAE,014027504,2024-04-26T15:56:50.000+0000,false,2024-07-21T22:47:10.000+0000,a16Va000000VcyfIAC,001Va000003ZRZtIAO,100,0,a0lVa0000003zRxIAI,false,2024-04-26,Check,,false,Payment
a2EVa0000002Ni6MAE,014027505,2024-04-26T15:56:50.000+0000,false,2024-07-21T22:47:10.000+0000,a16Va000000VcygIAC,001Va000003ZRZtIAO,100,0,a0lVa0000003zRxIAI,false,2024-04-26,Check,,false,Payment
a2EVa0000002Ni7MAE,014027506,2024-04-26T15:56:50.000+0000,false,2024-07-21T22:47:10.000+0000,a16Va000000VcyhIAC,001Va000003ZRZtIAO,100,0,a0lVa0000003zRxIAI,false,2024-04-26,Check,,false,Payment
a2EVa0000002NjhMAE,014027507,2024-04-26T16:29:16.000+0000,false,2024-07-21T22:47:10.000+0000,a16Va000000VcyhIAC,001Va000003ZRZtIAO,100,0,a0lVa0000003zTZIAY,false,2024-04-26,Check,,false,Payment
a2EVa0000002NjiMAE,014027508,2024-04-26T16:29:16.000+0000,false,2024-07-21T22:47:10.000+0000,a16Va000000VcygIAC,001Va000003ZRZtIAO,100,0,a0lVa0000003zTZIAY,false,2024-04-26,Check,,false,Payment
a2EVa0000002NjjMAE,014027509,2024-04-26T16:29:18.000+0000,false,2024-07-21T22:47:10.000+0000,a16Va000000VcygIAC,001Va000003ZRZtIAO,-100,0,a0lVa0000003zTZIAY,false,2024-04-26,Check,,false,Payment
a2EVa0000002NjkMAE,014027510,2024-04-26T16:29:18.000+0000,false,2024-07-21T22:47:10.000+0000,a16Va000000VcyhIAC,001Va000003ZRZtIAO,-100,0,a0lVa0000003zTZIAY,false,2024-04-26,Check,,false,Payment
a2EVa0000002OxVMAU,014027511,2024-04-28T13:13:38.000+0000,false,2024-07-16T13:02:47.000+0000,a16Va000000VVXPIA4,001Va000002ebxNIAQ,100,0,,false,,Check,,false,
a2EVa0000002Pf3MAE,014027512,2024-04-28T15:01:34.000+0000,false,2024-07-16T13:02:47.000+0000,a16Va000000JCrtIAG,001Va000002ebxNIAQ,12,0,,false,,Check,,false,
a2EVa0000002RaPMAU,014027513,2024-04-29T22:08:07.000+0000,false,2024-07-21T22:47:10.000+0000,a16Va000000V2K6IAK,001Va000003ZRZtIAO,351,0,a0lVa0000004A41IAE,false,2024-04-29,Credit Card,,false,Payment
a2EVa0000002RaQMAU,014027514,2024-04-29T22:08:09.000+0000,false,2024-07-21T22:47:10.000+0000,a16Va000000V2K6IAK,001Va000003ZRZtIAO,-351,0,a0lVa0000004A41IAE,false,2024-04-29,Credit Card,,false,Payment
a2EVa0000002Rc1MAE,014027515,2024-04-29T22:21:17.000+0000,false,2024-07-21T22:47:10.000+0000,a16Va000000VVXNIA4,001Va000003ZRZtIAO,1000,0,a0lVa0000004A8rIAE,false,2024-04-29,Check,,false,Payment
a2EVa0000002Rc2MAE,014027516,2024-04-29T22:21:17.000+0000,false,2024-07-21T22:47:10.000+0000,a16Va000000VVXNIA4,001Va000003ZRZtIAO,-1000,0,a0lVa0000004A8rIAE,false,2024-04-29,Check,,false,Payment
a2EVa0000002RddMAE,014027517,2024-04-29T22:42:27.000+0000,false,2024-07-21T22:47:10.000+0000,a16Va000000VVXRIA4,001Va000003ZRZtIAO,1400,0,a0lVa0000004AFJIA2,false,2024-04-29,Wire,,false,Payment
a2EVa0000002RdeMAE,014027518,2024-04-29T22:42:29.000+0000,false,2024-07-21T22:47:10.000+0000,a16Va000000VVXRIA4,001Va000003ZRZtIAO,-1400,0,a0lVa0000004AFJIA2,false,2024-04-29,Wire,,false,Payment
a2EVa0000002S6fMAE,014027519,2024-04-30T18:46:35.000+0000,false,2024-07-16T13:02:47.000+0000,a16Va000000VVXPIA4,001Va000002ebxNIAQ,10,0,,false,,Check,,false,
a2EVa0000002S9tMAE,014027520,2024-04-30T19:55:13.000+0000,false,2024-07-21T22:47:10.000+0000,a16Va000000VcyfIAC,001Va000003ZRZtIAO,100,0,a0lVa0000004E4PIAU,false,2024-04-30,Check,,false,Payment
a2EVa0000002S9uMAE,014027521,2024-04-30T19:55:14.000+0000,false,2024-07-21T22:47:10.000+0000,a16Va000000VcyfIAC,001Va000003ZRZtIAO,-100,0,a0lVa0000004E4PIAU,false,2024-04-30,Check,,false,Payment
a2EVa0000002SBVMA2,014027522,2024-04-30T21:33:25.000+0000,false,2024-07-21T22:47:10.000+0000,a16Va000000VjVVIA0,001Va000003ZRZtIAO,5000,5000,a0lVa0000004ECTIA2,true,2024-04-30,Pledge,Conditional,false,Pledge
a2EVa0000002SBWMA2,014027523,2024-04-30T21:33:25.000+0000,false,2024-07-21T22:47:10.000+0000,a16Va000000VjVVIA0,001Va000003ZRZtIAO,5000,5000,a0lVa0000004ECTIA2,true,2024-04-30,Pledge,Conditional,false,Pledge
a2EVa0000002SBXMA2,014027524,2024-04-30T21:33:25.000+0000,false,2024-07-21T22:47:10.000+0000,a16Va000000VjVVIA0,001Va000003ZRZtIAO,5000,5000,a0lVa0000004ECTIA2,true,2024-04-30,Pledge,Conditional,false,Pledge
a2EVa0000002SBYMA2,014027525,2024-04-30T21:33:25.000+0000,false,2024-07-21T22:47:10.000+0000,a16Va000000VjVVIA0,001Va000003ZRZtIAO,5000,5000,a0lVa0000004ECTIA2,true,2024-04-30,Pledge,Conditional,false,Pledge
a2EVa0000002SBZMA2,014027526,2024-04-30T21:33:25.000+0000,false,2024-07-21T22:47:10.000+0000,a16Va000000VjVVIA0,001Va000003ZRZtIAO,5000,5000,a0lVa0000004ECTIA2,true,2024-04-30,Pledge,Conditional,false,Pledge
a2EVa0000002SBaMAM,014027527,2024-04-30T21:33:25.000+0000,false,2024-07-21T22:47:10.000+0000,a16Va000000VjVWIA0,001Va000003ZRZtIAO,7000,0,a0lVa0000004ECTIA2,false,2024-04-30,Pledge,Unconditional,false,Pledge
a2EVa0000002SBbMAM,014027528,2024-04-30T21:33:25.000+0000,false,2024-07-21T22:47:10.000+0000,a16Va000000VjVWIA0,001Va000003ZRZtIAO,7000,7000,a0lVa0000004ECTIA2,false,2024-04-30,Pledge,Unconditional,false,Pledge
a2EVa0000002SBcMAM,014027529,2024-04-30T21:33:25.000+0000,false,2024-07-21T22:47:10.000+0000,a16Va000000VjVWIA0,001Va000003ZRZtIAO,7000,7000,a0lVa0000004ECTIA2,false,2024-04-30,Pledge,Unconditional,false,Pledge
a2EVa0000002SBdMAM,014027530,2024-04-30T21:33:25.000+0000,false,2024-07-21T22:47:10.000+0000,a16Va000000VjVWIA0,001Va000003ZRZtIAO,7000,7000,a0lVa0000004ECTIA2,false,2024-04-30,Pledge,Unconditional,false,Pledge
a2EVa0000002SBeMAM,014027531,2024-04-30T21:33:25.000+0000,false,2024-07-21T22:47:10.000+0000,a16Va000000VjVWIA0,001Va000003ZRZtIAO,7000,7000,a0lVa0000004ECTIA2,false,2024-04-30,Pledge,Unconditional,false,Pledge
a2EVa0000002SD7MAM,014027532,2024-05-01T00:35:39.000+0000,false,2024-07-21T22:47:10.000+0000,a16Va000000VjVVIA0,001Va000003ZRZtIAO,5000,0,a0lVa0000004EKXIA2,true,2024-04-30,Check,Conditional,true,Payment
a2EVa0000002SD8MAM,014027533,2024-05-01T00:35:39.000+0000,false,2024-07-21T22:47:10.000+0000,a16Va000000VjVWIA0,001Va000003ZRZtIAO,7000,0,a0lVa0000004EKXIA2,false,2024-04-30,Check,Unconditional,true,Payment
a2EVa0000002SD9MAM,014027534,2024-05-01T00:35:40.000+0000,false,2024-07-21T22:47:10.000+0000,a16Va000000VjVVIA0,001Va000003ZRZtIAO,-5000,0,a0lVa0000004EKXIA2,true,2024-04-30,Pledge,Conditional,true,Pledge
a2EVa0000002SDAMA2,014027535,2024-05-01T00:35:40.000+0000,false,2024-07-21T22:47:10.000+0000,a16Va000000VjVWIA0,001Va000003ZRZtIAO,-7000,0,a0lVa0000004EKXIA2,false,2024-04-30,Pledge,Unconditional,true,Pledge
a2EVa0000002SEjMAM,014027536,2024-05-01T01:24:46.000+0000,false,2024-07-16T13:02:47.000+0000,a16Va000000VjVVIA0,001Va000003ZRZtIAO,5000,0,a0lVa0000004EM9IAM,true,2024-04-30,Pledge,,true,Pledge
a2EVa0000002SEkMAM,014027537,2024-05-01T01:24:47.000+0000,false,2024-07-16T13:02:47.000+0000,a16Va000000VjVVIA0,001Va000003ZRZtIAO,5000,5000,a0lVa0000004EM9IAM,true,2024-04-30,Pledge,Conditional,false,Pledge
a2EVa0000002SElMAM,014027538,2024-05-01T01:24:47.000+0000,false,2024-07-16T13:02:47.000+0000,a16Va000000VjVVIA0,001Va000003ZRZtIAO,5000,5000,a0lVa0000004EM9IAM,true,2024-04-30,Pledge,Conditional,false,Pledge
a2EVa0000002SEmMAM,014027539,2024-05-01T01:24:47.000+0000,false,2024-07-16T13:02:47.000+0000,a16Va000000VjVVIA0,001Va000003ZRZtIAO,5000,5000,a0lVa0000004EM9IAM,true,2024-04-30,Pledge,Conditional,false,Pledge
a2EVa0000002SEnMAM,014027540,2024-05-01T01:24:47.000+0000,false,2024-07-16T13:02:47.000+0000,a16Va000000VjVVIA0,001Va000003ZRZtIAO,5000,0,a0lVa0000004EM9IAM,true,2024-04-30,Pledge,Conditional,false,Pledge
a2EVa0000002SEoMAM,014027541,2024-05-01T01:24:47.000+0000,false,2024-07-21T22:47:10.000+0000,a16Va000000VjVVIA0,001Va000003ZRZtIAO,5000,0,a0lVa0000004ECTIA2,true,2024-04-30,Pledge,Conditional,false,Pledge
a2EVa0000002SEpMAM,014027542,2024-05-01T01:24:47.000+0000,false,2024-07-16T13:02:47.000+0000,a16Va000000VjVVIA0,001Va000003ZRZtIAO,-5000,-5000,a0lVa0000004EM9IAM,true,2024-04-30,Pledge,,false,Pledge
a2EVa0000002SEqMAM,014027543,2024-05-01T01:24:48.000+0000,false,2024-07-16T13:02:47.000+0000,a16Va000000VjVVIA0,001Va000003ZRZtIAO,-5000,-5000,a0lVa0000004EM9IAM,true,2024-04-30,Pledge,Conditional,false,Pledge
a2EVa0000002SErMAM,014027544,2024-05-01T01:24:48.000+0000,false,2024-07-16T13:02:47.000+0000,a16Va000000VjVVIA0,001Va000003ZRZtIAO,-5000,-5000,a0lVa0000004EM9IAM,true,2024-04-30,Pledge,Conditional,false,Pledge
a2EVa0000002SEsMAM,014027545,2024-05-01T01:24:48.000+0000,false,2024-07-16T13:02:47.000+0000,a16Va000000VjVVIA0,001Va000003ZRZtIAO,-5000,-5000,a0lVa0000004EM9IAM,true,2024-04-30,Pledge,Conditional,false,Pledge
a2EVa0000002SEtMAM,014027546,2024-05-01T01:24:48.000+0000,false,2024-07-16T13:02:47.000+0000,a16Va000000VjVVIA0,001Va000003ZRZtIAO,-5000,-5000,a0lVa0000004EM9IAM,true,2024-04-30,Pledge,Conditional,false,Pledge
a2EVa0000002SEuMAM,014027547,2024-05-01T01:24:48.000+0000,false,2024-07-16T13:02:47.000+0000,a16Va000000VjVVIA0,001Va000003ZRZtIAO,-5000,0,a0lVa0000004EM9IAM,true,2024-04-30,Check,Conditional,true,Payment
a2EVa0000002SEvMAM,014027548,2024-05-01T01:24:49.000+0000,false,2024-07-16T13:02:47.000+0000,a16Va000000VjVVIA0,001Va000003ZRZtIAO,5000,0,a0lVa0000004EM9IAM,true,2024-04-30,Check,Conditional,true,Payment
a2EVa0000002SEwMAM,014027549,2024-05-01T01:24:50.000+0000,false,2024-07-16T13:02:47.000+0000,a16Va000000VjVVIA0,001Va000003ZRZtIAO,-5000,0,a0lVa0000004EM9IAM,true,2024-04-30,Pledge,Conditional,true,Pledge
a2EVa0000002SOPMA2,014027550,2024-05-02T01:44:27.000+0000,false,2024-07-21T22:47:10.000+0000,a16Va000000VkkvIAC,001Va000003ZRZtIAO,125,0,a0lVa0000004Ha9IAE,false,2024-05-01,Check,,false,Payment
a2EVa0000002SRdMAM,014027551,2024-05-02T03:32:28.000+0000,false,2024-07-21T22:47:10.000+0000,a16Va000000VjVVIA0,001Va000003ZRZtIAO,5000,0,a0lVa0000004HblIAE,true,2024-05-01,Check,Conditional,true,Payment
a2EVa0000002SReMAM,014027552,2024-05-02T03:32:30.000+0000,false,2024-07-21T22:47:10.000+0000,a16Va000000VjVVIA0,001Va000003ZRZtIAO,-5000,0,a0lVa0000004HblIAE,true,2024-05-01,Pledge,Conditional,true,Pledge
a2EVa0000002SWoMAM,014027553,2024-05-02T05:06:33.000+0000,false,2024-07-21T22:47:10.000+0000,a16Va000000VkszIAC,001Va000003ZRZtIAO,5000,5000,a0lVa0000004HjpIAE,true,2024-05-01,Pledge,Conditional,false,Pledge
a2EVa0000002SWpMAM,014027554,2024-05-02T05:06:33.000+0000,false,2024-07-21T22:47:10.000+0000,a16Va000000VkszIAC,001Va000003ZRZtIAO,5000,5000,a0lVa0000004HjpIAE,true,2024-05-01,Pledge,Conditional,false,Pledge
a2EVa0000002SWqMAM,014027555,2024-05-02T05:06:33.000+0000,false,2024-07-21T22:47:10.000+0000,a16Va000000VkszIAC,001Va000003ZRZtIAO,5000,5000,a0lVa0000004HjpIAE,true,2024-05-01,Pledge,Conditional,false,Pledge
a2EVa0000002SbJMAU,014027556,2024-05-02T05:10:52.000+0000,false,2024-07-21T22:47:10.000+0000,a16Va000000VkszIAC,001Va000003ZRZtIAO,5000,0,a0lVa0000004Hn3IAE,true,2024-05-01,Check,Conditional,true,Payment
a2EVa0000002SbKMAU,014027557,2024-05-02T05:10:53.000+0000,false,2024-07-21T22:47:10.000+0000,a16Va000000VkszIAC,001Va000003ZRZtIAO,-5000,0,a0lVa0000004Hn3IAE,true,2024-05-01,Pledge,Conditional,true,Pledge
a2EVa0000002ScvMAE,014027558,2024-05-02T05:18:25.000+0000,false,2024-07-16T13:02:47.000+0000,a16Va000000VkszIAC,001Va000003ZRZtIAO,5000,0,a0lVa0000004HofIAE,true,2024-05-01,Pledge,,true,Pledge
a2EVa0000002ScwMAE,014027559,2024-05-02T05:18:26.000+0000,false,2024-07-16T13:02:47.000+0000,a16Va000000VkszIAC,001Va000003ZRZtIAO,5000,5000,a0lVa0000004HofIAE,true,2024-05-01,Pledge,Conditional,false,Pledge
a2EVa0000002ScxMAE,014027560,2024-05-02T05:18:26.000+0000,false,2024-07-16T13:02:47.000+0000,a16Va000000VkszIAC,001Va000003ZRZtIAO,5000,5000,a0lVa0000004HofIAE,true,2024-05-01,Pledge,Conditional,false,Pledge
a2EVa0000002ScyMAE,014027561,2024-05-02T05:18:27.000+0000,false,2024-07-21T22:47:10.000+0000,a16Va000000VkszIAC,001Va000003ZRZtIAO,5000,0,a0lVa0000004HjpIAE,true,2024-05-01,Pledge,Conditional,false,Pledge
a2EVa0000002SczMAE,014027562,2024-05-02T05:18:27.000+0000,false,2024-07-16T13:02:47.000+0000,a16Va000000VkszIAC,001Va000003ZRZtIAO,-5000,-5000,a0lVa0000004HofIAE,true,2024-05-01,Pledge,,false,Pledge
a2EVa0000002Sd0MAE,014027563,2024-05-02T05:18:28.000+0000,false,2024-07-16T13:02:47.000+0000,a16Va000000VkszIAC,001Va000003ZRZtIAO,-5000,-5000,a0lVa0000004HofIAE,true,2024-05-01,Pledge,Conditional,false,Pledge
a2EVa0000002Sd1MAE,014027564,2024-05-02T05:18:28.000+0000,false,2024-07-16T13:02:47.000+0000,a16Va000000VkszIAC,001Va000003ZRZtIAO,-5000,-5000,a0lVa0000004HofIAE,true,2024-05-01,Pledge,Conditional,false,Pledge
a2EVa0000002Sd2MAE,014027565,2024-05-02T05:18:28.000+0000,false,2024-07-16T13:02:47.000+0000,a16Va000000VkszIAC,001Va000003ZRZtIAO,-5000,0,a0lVa0000004HofIAE,true,2024-05-01,Check,Conditional,true,Payment
a2EVa0000002Sd3MAE,014027566,2024-05-02T05:18:29.000+0000,false,2024-07-16T13:02:47.000+0000,a16Va000000VkszIAC,001Va000003ZRZtIAO,5000,0,a0lVa0000004HofIAE,true,2024-05-01,Check,Conditional,true,Payment
a2EVa0000002Sd4MAE,014027567,2024-05-02T05:18:30.000+0000,false,2024-07-16T13:02:47.000+0000,a16Va000000VkszIAC,001Va000003ZRZtIAO,-5000,0,a0lVa0000004HofIAE,true,2024-05-01,Pledge,Conditional,true,Pledge
a2EVa0000002TAnMAM,014027568,2024-05-03T03:20:58.000+0000,false,2024-07-21T22:47:10.000+0000,a16Va000000VmUzIAK,001Va000003ZRZtIAO,6000,6000,a0lVa0000004M1xIAE,true,2024-05-02,Pledge,Conditional,false,Pledge
a2EVa0000002TAoMAM,014027569,2024-05-03T03:20:58.000+0000,false,2024-07-21T22:47:10.000+0000,a16Va000000VmUzIAK,001Va000003ZRZtIAO,6000,6000,a0lVa0000004M1xIAE,true,2024-05-02,Pledge,Conditional,false,Pledge
a2EVa0000002TApMAM,014027570,2024-05-03T03:20:58.000+0000,false,2024-07-21T22:47:10.000+0000,a16Va000000VmUzIAK,001Va000003ZRZtIAO,6000,6000,a0lVa0000004M1xIAE,true,2024-05-02,Pledge,Conditional,false,Pledge
a2EVa0000002TAqMAM,014027571,2024-05-03T03:20:58.000+0000,false,2024-07-21T22:47:10.000+0000,a16Va000000VmUzIAK,001Va000003ZRZtIAO,6000,6000,a0lVa0000004M1xIAE,true,2024-05-02,Pledge,Conditional,false,Pledge
a2EVa0000002TArMAM,014027572,2024-05-03T03:20:58.000+0000,false,2024-07-21T22:47:10.000+0000,a16Va000000VmUzIAK,001Va000003ZRZtIAO,6000,6000,a0lVa0000004M1xIAE,true,2024-05-02,Pledge,Conditional,false,Pledge
a2EVa0000002TCPMA2,014027573,2024-05-03T03:26:55.000+0000,false,2024-07-21T22:47:10.000+0000,a16Va000000VmUzIAK,001Va000003ZRZtIAO,6000,0,a0lVa0000004M3ZIAU,true,2024-05-02,Check,Conditional,true,Payment
a2EVa0000002TCQMA2,014027574,2024-05-03T03:26:57.000+0000,false,2024-07-21T22:47:10.000+0000,a16Va000000VmUzIAK,001Va000003ZRZtIAO,-6000,0,a0lVa0000004M3ZIAU,true,2024-05-02,Pledge,Conditional,true,Pledge
a2EVa0000002TE1MAM,014027575,2024-05-03T03:33:52.000+0000,false,2024-07-16T13:02:47.000+0000,a16Va000000VmUzIAK,001Va000003ZRZtIAO,6000,0,a0lVa0000004M5BIAU,true,2024-05-02,Pledge,,true,Pledge
a2EVa0000002TE2MAM,014027576,2024-05-03T03:33:53.000+0000,false,2024-07-16T13:02:47.000+0000,a16Va000000VmUzIAK,001Va000003ZRZtIAO,6000,6000,a0lVa0000004M5BIAU,true,2024-05-02,Pledge,Conditional,false,Pledge
a2EVa0000002TE3MAM,014027577,2024-05-03T03:33:53.000+0000,false,2024-07-16T13:02:47.000+0000,a16Va000000VmUzIAK,001Va000003ZRZtIAO,6000,6000,a0lVa0000004M5BIAU,true,2024-05-02,Pledge,Conditional,false,Pledge
a2EVa0000002TE4MAM,014027578,2024-05-03T03:33:53.000+0000,false,2024-07-16T13:02:47.000+0000,a16Va000000VmUzIAK,001Va000003ZRZtIAO,6000,6000,a0lVa0000004M5BIAU,true,2024-05-02,Pledge,Conditional,false,Pledge
a2EVa0000002TE5MAM,014027579,2024-05-03T03:33:53.000+0000,false,2024-07-16T13:02:47.000+0000,a16Va000000VmUzIAK,001Va000003ZRZtIAO,6000,6000,a0lVa0000004M5BIAU,true,2024-05-02,Pledge,Conditional,false,Pledge
a2EVa0000002TE6MAM,014027580,2024-05-03T03:33:53.000+0000,false,2024-07-21T22:47:10.000+0000,a16Va000000VmUzIAK,001Va000003ZRZtIAO,6000,0,a0lVa0000004M1xIAE,true,2024-05-02,Pledge,Conditional,false,Pledge
a2EVa0000002TE7MAM,014027581,2024-05-03T03:33:53.000+0000,false,2024-07-16T13:02:47.000+0000,a16Va000000VmUzIAK,001Va000003ZRZtIAO,-6000,-6000,a0lVa0000004M5BIAU,true,2024-05-02,Pledge,,false,Pledge
a2EVa0000002TE8MAM,014027582,2024-05-03T03:33:54.000+0000,false,2024-07-16T13:02:47.000+0000,a16Va000000VmUzIAK,001Va000003ZRZtIAO,-6000,-6000,a0lVa0000004M5BIAU,true,2024-05-02,Pledge,Conditional,false,Pledge
a2EVa0000002TE9MAM,014027583,2024-05-03T03:33:54.000+0000,false,2024-07-16T13:02:47.000+0000,a16Va000000VmUzIAK,001Va000003ZRZtIAO,-6000,-6000,a0lVa0000004M5BIAU,true,2024-05-02,Pledge,Conditional,false,Pledge
a2EVa0000002TEAMA2,014027584,2024-05-03T03:33:54.000+0000,false,2024-07-16T13:02:47.000+0000,a16Va000000VmUzIAK,001Va000003ZRZtIAO,-6000,-6000,a0lVa0000004M5BIAU,true,2024-05-02,Pledge,Conditional,false,Pledge
a2EVa0000002TEBMA2,014027585,2024-05-03T03:33:54.000+0000,false,2024-07-16T13:02:47.000+0000,a16Va000000VmUzIAK,001Va000003ZRZtIAO,-6000,-6000,a0lVa0000004M5BIAU,true,2024-05-02,Pledge,Conditional,false,Pledge
a2EVa0000002TECMA2,014027586,2024-05-03T03:33:54.000+0000,false,2024-07-16T13:02:47.000+0000,a16Va000000VmUzIAK,001Va000003ZRZtIAO,-6000,0,a0lVa0000004M5BIAU,true,2024-05-02,Check,Conditional,true,Payment
a2EVa0000002TEDMA2,014027587,2024-05-03T03:33:55.000+0000,false,2024-07-16T13:02:47.000+0000,a16Va000000VmUzIAK,001Va000003ZRZtIAO,6000,0,a0lVa0000004M5BIAU,true,2024-05-02,Check,Conditional,true,Payment
a2EVa0000002TEEMA2,014027588,2024-05-03T03:33:55.000+0000,false,2024-07-16T13:02:47.000+0000,a16Va000000VmUzIAK,001Va000003ZRZtIAO,-6000,0,a0lVa0000004M5BIAU,true,2024-05-02,Pledge,Conditional,true,Pledge
a2EVa0000002VyzMAE,014027591,2024-05-08T01:18:09.000+0000,false,2024-07-21T22:47:10.000+0000,a16Va000000VsfFIAS,001Va000003ZRZtIAO,450,0,a0lVa0000004Zf7IAE,false,2024-05-01,Check,,false,Payment
a2EVa0000002W0bMAE,014027592,2024-05-08T01:22:37.000+0000,false,2024-07-21T22:47:10.000+0000,a16Va000000VsfFIAS,001Va000003ZRZtIAO,450,0,a0lVa0000004ZgjIAE,false,2024-05-07,Check,,false,Payment
a2EVa0000002W0cMAE,014027593,2024-05-08T01:22:39.000+0000,false,2024-07-21T22:47:10.000+0000,a16Va000000VsfFIAS,001Va000003ZRZtIAO,-450,0,a0lVa0000004ZgjIAE,false,2024-05-07,Check,,false,Payment
a2EVa0000002W2DMAU,014027594,2024-05-08T02:12:47.000+0000,false,2024-07-21T22:47:10.000+0000,a16Va000000VsgrIAC,001Va000003ZRZtIAO,325,0,a0lVa0000004OBpIAM,false,2024-05-03,Check,,false,Payment
a2EVa0000002W3pMAE,014027595,2024-05-08T02:18:44.000+0000,false,2024-07-21T22:47:10.000+0000,a16Va000000VsgrIAC,001Va000003ZRZtIAO,325,0,a0lVa0000004ZonIAE,false,2024-05-07,Check,,false,Payment
a2EVa0000002W3qMAE,014027596,2024-05-08T02:18:46.000+0000,false,2024-07-21T22:47:10.000+0000,a16Va000000VsgrIAC,001Va000003ZRZtIAO,-325,0,a0lVa0000004ZonIAE,false,2024-05-07,Check,,false,Payment
a2EVa0000002W73MAE,014027597,2024-05-08T02:40:35.000+0000,false,2024-07-21T22:47:10.000+0000,a16Va000000VsiTIAS,001Va000003ZRZtIAO,2000,2000,a0lVa0000004ZqPIAU,false,2024-04-01,Pledge,Unconditional,false,Pledge
a2EVa0000002W74MAE,014027598,2024-05-08T02:40:35.000+0000,false,2024-07-21T22:47:10.000+0000,a16Va000000VsiTIAS,001Va000003ZRZtIAO,2000,2000,a0lVa0000004ZqPIAU,false,2024-04-01,Pledge,Unconditional,false,Pledge
a2EVa0000002W75MAE,014027599,2024-05-08T02:40:35.000+0000,false,2024-07-21T22:47:10.000+0000,a16Va000000VsiTIAS,001Va000003ZRZtIAO,2000,2000,a0lVa0000004ZqPIAU,false,2024-04-01,Pledge,Unconditional,false,Pledge
a2EVa0000002W76MAE,014027600,2024-05-08T02:40:35.000+0000,false,2024-07-21T22:47:10.000+0000,a16Va000000VsiTIAS,001Va000003ZRZtIAO,2000,2000,a0lVa0000004ZqPIAU,false,2024-04-01,Pledge,Unconditional,false,Pledge
a2EVa0000002W77MAE,014027601,2024-05-08T02:40:35.000+0000,false,2024-07-21T22:47:10.000+0000,a16Va000000VsiTIAS,001Va000003ZRZtIAO,2000,2000,a0lVa0000004ZqPIAU,false,2024-04-01,Pledge,Unconditional,false,Pledge
a2EVa0000002WAHMA2,014027602,2024-05-08T02:51:18.000+0000,false,2024-07-21T22:47:10.000+0000,a16Va000000VslhIAC,001Va000003ZRZtIAO,2000,2000,a0lVa0000004a1hIAA,true,2024-04-15,Pledge,Conditional,false,Pledge
a2EVa0000002WAIMA2,014027603,2024-05-08T02:51:18.000+0000,false,2024-07-21T22:47:10.000+0000,a16Va000000VslhIAC,001Va000003ZRZtIAO,2000,2000,a0lVa0000004a1hIAA,true,2024-04-15,Pledge,Conditional,false,Pledge
a2EVa0000002WAJMA2,014027604,2024-05-08T02:51:18.000+0000,false,2024-07-21T22:47:10.000+0000,a16Va000000VslhIAC,001Va000003ZRZtIAO,2000,2000,a0lVa0000004a1hIAA,true,2024-04-15,Pledge,Conditional,false,Pledge
a2EVa0000002WAKMA2,014027605,2024-05-08T02:51:18.000+0000,false,2024-07-21T22:47:10.000+0000,a16Va000000VslhIAC,001Va000003ZRZtIAO,2000,2000,a0lVa0000004a1hIAA,true,2024-04-15,Pledge,Conditional,false,Pledge
a2EVa0000002WALMA2,014027606,2024-05-08T02:51:18.000+0000,false,2024-07-21T22:47:10.000+0000,a16Va000000VslhIAC,001Va000003ZRZtIAO,2000,2000,a0lVa0000004a1hIAA,true,2024-04-15,Pledge,Conditional,false,Pledge
a2EVa0000002WAMMA2,014027607,2024-05-08T02:51:18.000+0000,false,2024-07-21T22:47:11.000+0000,a16Va000000VslhIAC,001Va000003ZRZtIAO,2000,2000,a0lVa0000004a1hIAA,true,2024-04-15,Pledge,Conditional,false,Pledge
a2EVa0000002WBtMAM,014027608,2024-05-08T02:55:56.000+0000,false,2024-07-21T22:47:11.000+0000,a16Va000000VslhIAC,001Va000003ZRZtIAO,2000,0,a0lVa0000004ZtdIAE,true,2024-05-07,Check,Conditional,true,Payment
a2EVa0000002WBuMAM,014027609,2024-05-08T02:55:57.000+0000,false,2024-07-21T22:47:11.000+0000,a16Va000000VslhIAC,001Va000003ZRZtIAO,-2000,0,a0lVa0000004ZtdIAE,true,2024-05-07,Pledge,Conditional,true,Pledge
a2EVa0000002WDVMA2,014027610,2024-05-08T03:04:42.000+0000,false,2024-07-16T13:02:47.000+0000,a16Va000000VslhIAC,001Va000003ZRZtIAO,2000,0,a0lVa0000004a3JIAQ,true,2024-05-07,Pledge,,true,Pledge
a2EVa0000002WDWMA2,014027611,2024-05-08T03:04:43.000+0000,false,2024-07-16T13:02:49.000+0000,a16Va000000VslhIAC,001Va000003ZRZtIAO,2000,2000,a0lVa0000004a3JIAQ,true,2024-05-07,Pledge,Conditional,false,Pledge
a2EVa0000002WDXMA2,014027612,2024-05-08T03:04:43.000+0000,false,2024-07-16T13:02:49.000+0000,a16Va000000VslhIAC,001Va000003ZRZtIAO,2000,2000,a0lVa0000004a3JIAQ,true,2024-05-07,Pledge,Conditional,false,Pledge
a2EVa0000002WDYMA2,014027613,2024-05-08T03:04:43.000+0000,false,2024-07-16T13:02:49.000+0000,a16Va000000VslhIAC,001Va000003ZRZtIAO,2000,2000,a0lVa0000004a3JIAQ,true,2024-05-07,Pledge,Conditional,false,Pledge
a2EVa0000002WDZMA2,014027614,2024-05-08T03:04:43.000+0000,false,2024-07-16T13:02:49.000+0000,a16Va000000VslhIAC,001Va000003ZRZtIAO,2000,2000,a0lVa0000004a3JIAQ,true,2024-05-07,Pledge,Conditional,false,Pledge
a2EVa0000002WDaMAM,014027615,2024-05-08T03:04:43.000+0000,false,2024-07-16T13:02:49.000+0000,a16Va000000VslhIAC,001Va000003ZRZtIAO,2000,2000,a0lVa0000004a3JIAQ,true,2024-05-07,Pledge,Conditional,false,Pledge
a2EVa0000002WDbMAM,014027616,2024-05-08T03:04:43.000+0000,false,2024-07-21T22:47:11.000+0000,a16Va000000VslhIAC,001Va000003ZRZtIAO,2000,2000,a0lVa0000004a1hIAA,true,2024-04-15,Pledge,Conditional,false,Pledge
a2EVa0000002WDcMAM,014027617,2024-05-08T03:04:43.000+0000,false,2024-07-16T13:02:49.000+0000,a16Va000000VslhIAC,001Va000003ZRZtIAO,-2000,-2000,a0lVa0000004a3JIAQ,true,2024-05-07,Pledge,,false,Pledge
a2EVa0000002WDdMAM,014027618,2024-05-08T03:04:44.000+0000,false,2024-07-16T13:02:49.000+0000,a16Va000000VslhIAC,001Va000003ZRZtIAO,-2000,-2000,a0lVa0000004a3JIAQ,true,2024-05-07,Pledge,Conditional,false,Pledge
a2EVa0000002WDeMAM,014027619,2024-05-08T03:04:44.000+0000,false,2024-07-16T13:02:49.000+0000,a16Va000000VslhIAC,001Va000003ZRZtIAO,-2000,-2000,a0lVa0000004a3JIAQ,true,2024-05-07,Pledge,Conditional,false,Pledge
a2EVa0000002WDfMAM,014027620,2024-05-08T03:04:44.000+0000,false,2024-07-16T13:02:49.000+0000,a16Va000000VslhIAC,001Va000003ZRZtIAO,-2000,-2000,a0lVa0000004a3JIAQ,true,2024-05-07,Pledge,Conditional,false,Pledge
a2EVa0000002WDgMAM,014027621,2024-05-08T03:04:44.000+0000,false,2024-07-16T13:02:49.000+0000,a16Va000000VslhIAC,001Va000003ZRZtIAO,-2000,-2000,a0lVa0000004a3JIAQ,true,2024-05-07,Pledge,Conditional,false,Pledge
a2EVa0000002WDhMAM,014027622,2024-05-08T03:04:44.000+0000,false,2024-07-16T13:02:49.000+0000,a16Va000000VslhIAC,001Va000003ZRZtIAO,-2000,-2000,a0lVa0000004a3JIAQ,true,2024-05-07,Pledge,Conditional,false,Pledge
a2EVa0000002WDiMAM,014027623,2024-05-08T03:04:44.000+0000,false,2024-07-16T13:02:49.000+0000,a16Va000000VslhIAC,001Va000003ZRZtIAO,-2000,0,a0lVa0000004a3JIAQ,true,2024-05-07,Check,Conditional,true,Payment
a2EVa0000002WDjMAM,014027624,2024-05-08T03:04:45.000+0000,false,2024-07-16T13:02:49.000+0000,a16Va000000VslhIAC,001Va000003ZRZtIAO,2000,0,a0lVa0000004a3JIAQ,true,2024-05-07,Check,Conditional,true,Payment
a2EVa0000002WDkMAM,014027625,2024-05-08T03:04:45.000+0000,false,2024-07-16T13:02:49.000+0000,a16Va000000VslhIAC,001Va000003ZRZtIAO,-2000,0,a0lVa0000004a3JIAQ,true,2024-04-15,Pledge,Conditional,true,Pledge
a2EVa0000002WNBMA2,014027626,2024-05-08T05:06:33.000+0000,false,2024-07-21T22:47:11.000+0000,a16Va000000VstlIAC,001Va000003ZRZtIAO,950,0,a0lVa0000004aEbIAI,false,2024-05-07,Check,,false,Payment
a2EVa0000002WOnMAM,014027627,2024-05-08T05:18:38.000+0000,false,2024-07-21T22:47:11.000+0000,a16Va000000VstlIAC,001Va000003ZRZtIAO,950,0,a0lVa0000004aJRIAY,false,2024-05-07,Check,,false,Payment
a2EVa0000002WOoMAM,014027628,2024-05-08T05:18:39.000+0000,false,2024-07-21T22:47:11.000+0000,a16Va000000VstlIAC,001Va000003ZRZtIAO,-950,0,a0lVa0000004aJRIAY,false,2024-05-07,Check,,false,Payment
a2EVa0000002WS1MAM,014027629,2024-05-08T05:31:17.000+0000,false,2024-07-21T22:47:11.000+0000,a16Va000000VslhIAC,001Va000003ZRZtIAO,2000,0,a0lVa0000004aMfIAI,true,2024-05-07,Check,Conditional,true,Payment
a2EVa0000002WS2MAM,014027630,2024-05-08T05:31:18.000+0000,false,2024-07-21T22:47:11.000+0000,a16Va000000VslhIAC,001Va000003ZRZtIAO,-2000,0,a0lVa0000004aMfIAI,true,2024-05-07,Pledge,Conditional,true,Pledge
a2EVa0000002WTdMAM,014027631,2024-05-08T05:40:21.000+0000,false,2024-07-16T13:02:49.000+0000,a16Va000000VslhIAC,001Va000003ZRZtIAO,2000,0,a0lVa0000004aRVIAY,true,2024-05-07,Pledge,,true,Pledge
a2EVa0000002WTeMAM,014027632,2024-05-08T05:40:21.000+0000,false,2024-07-16T13:02:49.000+0000,a16Va000000VslhIAC,001Va000003ZRZtIAO,2000,2000,a0lVa0000004aRVIAY,true,2024-05-07,Pledge,Conditional,false,Pledge
a2EVa0000002WTfMAM,014027633,2024-05-08T05:40:21.000+0000,false,2024-07-16T13:02:49.000+0000,a16Va000000VslhIAC,001Va000003ZRZtIAO,2000,2000,a0lVa0000004aRVIAY,true,2024-05-07,Pledge,Conditional,false,Pledge
a2EVa0000002WTgMAM,014027634,2024-05-08T05:40:21.000+0000,false,2024-07-16T13:02:49.000+0000,a16Va000000VslhIAC,001Va000003ZRZtIAO,2000,2000,a0lVa0000004aRVIAY,true,2024-05-07,Pledge,Conditional,false,Pledge
a2EVa0000002WThMAM,014027635,2024-05-08T05:40:21.000+0000,false,2024-07-16T13:02:49.000+0000,a16Va000000VslhIAC,001Va000003ZRZtIAO,2000,2000,a0lVa0000004aRVIAY,true,2024-05-07,Pledge,Conditional,false,Pledge
a2EVa0000002WTiMAM,014027636,2024-05-08T05:40:22.000+0000,false,2024-07-21T22:47:11.000+0000,a16Va000000VslhIAC,001Va000003ZRZtIAO,2000,4000,a0lVa0000004a1hIAA,true,2024-04-15,Pledge,Conditional,false,Pledge
a2EVa0000002WTjMAM,014027637,2024-05-08T05:40:22.000+0000,false,2024-07-16T13:02:49.000+0000,a16Va000000VslhIAC,001Va000003ZRZtIAO,-2000,-2000,a0lVa0000004aRVIAY,true,2024-05-07,Pledge,,false,Pledge
a2EVa0000002WTkMAM,014027638,2024-05-08T05:40:22.000+0000,false,2024-07-16T13:02:49.000+0000,a16Va000000VslhIAC,001Va000003ZRZtIAO,2000,0,a0lVa0000004a3JIAQ,true,2024-05-07,Pledge,Conditional,false,Pledge
a2EVa0000002WTlMAM,014027639,2024-05-08T05:40:22.000+0000,false,2024-07-16T13:02:49.000+0000,a16Va000000VslhIAC,001Va000003ZRZtIAO,-2000,-2000,a0lVa0000004aRVIAY,true,2024-05-07,Pledge,,false,Pledge
a2EVa0000002WTmMAM,014027640,2024-05-08T05:40:22.000+0000,false,2024-07-21T22:47:11.000+0000,a16Va000000VslhIAC,001Va000003ZRZtIAO,2000,0,a0lVa0000004a1hIAA,true,2024-04-15,Pledge,Conditional,false,Pledge
a2EVa0000002WTnMAM,014027641,2024-05-08T05:40:22.000+0000,false,2024-07-16T13:02:49.000+0000,a16Va000000VslhIAC,001Va000003ZRZtIAO,-2000,-2000,a0lVa0000004aRVIAY,true,2024-05-07,Pledge,,false,Pledge
a2EVa0000002WToMAM,014027642,2024-05-08T05:40:22.000+0000,false,2024-07-16T13:02:49.000+0000,a16Va000000VslhIAC,001Va000003ZRZtIAO,-2000,-2000,a0lVa0000004aRVIAY,true,2024-05-07,Pledge,Conditional,false,Pledge
a2EVa0000002WTpMAM,014027643,2024-05-08T05:40:22.000+0000,false,2024-07-16T13:02:49.000+0000,a16Va000000VslhIAC,001Va000003ZRZtIAO,-2000,-2000,a0lVa0000004aRVIAY,true,2024-05-07,Pledge,Conditional,false,Pledge
a2EVa0000002WTqMAM,014027644,2024-05-08T05:40:22.000+0000,false,2024-07-16T13:02:49.000+0000,a16Va000000VslhIAC,001Va000003ZRZtIAO,-2000,-2000,a0lVa0000004aRVIAY,true,2024-05-07,Pledge,Conditional,false,Pledge
a2EVa0000002WTrMAM,014027645,2024-05-08T05:40:22.000+0000,false,2024-07-16T13:02:49.000+0000,a16Va000000VslhIAC,001Va000003ZRZtIAO,-2000,-2000,a0lVa0000004aRVIAY,true,2024-05-07,Pledge,Conditional,false,Pledge
a2EVa0000002WTsMAM,014027646,2024-05-08T05:40:22.000+0000,false,2024-07-16T13:02:49.000+0000,a16Va000000VslhIAC,001Va000003ZRZtIAO,-2000,0,a0lVa0000004aRVIAY,true,2024-05-07,Check,Conditional,true,Payment
a2EVa0000002WTtMAM,014027647,2024-05-08T05:40:22.000+0000,false,2024-07-16T13:02:49.000+0000,a16Va000000VslhIAC,001Va000003ZRZtIAO,-2000,0,a0lVa0000004aRVIAY,true,2024-05-07,Check,Conditional,true,Payment
a2EVa0000002WTuMAM,014027648,2024-05-08T05:40:24.000+0000,false,2024-07-16T13:02:49.000+0000,a16Va000000VslhIAC,001Va000003ZRZtIAO,2000,0,a0lVa0000004aRVIAY,true,2024-05-07,Check,Conditional,true,Payment
a2EVa0000002WTvMAM,014027649,2024-05-08T05:40:24.000+0000,false,2024-07-16T13:02:49.000+0000,a16Va000000VslhIAC,001Va000003ZRZtIAO,2000,0,a0lVa0000004aRVIAY,true,2024-05-07,Check,Conditional,true,Payment
a2EVa0000002WTwMAM,014027650,2024-05-08T05:40:24.000+0000,false,2024-07-16T13:02:49.000+0000,a16Va000000VslhIAC,001Va000003ZRZtIAO,-2000,0,a0lVa0000004aRVIAY,true,2024-05-07,Pledge,Conditional,true,Pledge
a2EVa0000002WTxMAM,014027651,2024-05-08T05:40:24.000+0000,false,2024-07-16T13:02:49.000+0000,a16Va000000VslhIAC,001Va000003ZRZtIAO,-2000,0,a0lVa0000004aRVIAY,true,2024-04-15,Pledge,Conditional,true,Pledge
a2EVa0000002WVFMA2,014027652,2024-05-08T06:06:11.000+0000,false,2024-07-21T22:47:11.000+0000,a16Va000000VswzIAC,001Va000003ZRZtIAO,10000,10000,a0lVa0000004aWLIAY,true,2024-04-29,Pledge,Conditional,false,Pledge
a2EVa0000002WVGMA2,014027653,2024-05-08T06:06:11.000+0000,false,2024-07-21T22:47:11.000+0000,a16Va000000VswzIAC,001Va000003ZRZtIAO,10000,10000,a0lVa0000004aWLIAY,true,2024-04-29,Pledge,Conditional,false,Pledge
a2EVa0000002WVHMA2,014027654,2024-05-08T06:06:11.000+0000,false,2024-07-21T22:47:11.000+0000,a16Va000000VswzIAC,001Va000003ZRZtIAO,10000,10000,a0lVa0000004aWLIAY,true,2024-04-29,Pledge,Conditional,false,Pledge
a2EVa0000002WVIMA2,014027655,2024-05-08T06:06:11.000+0000,false,2024-07-21T22:47:11.000+0000,a16Va000000VswzIAC,001Va000003ZRZtIAO,10000,10000,a0lVa0000004aWLIAY,true,2024-04-29,Pledge,Conditional,false,Pledge
a2EVa0000002WVJMA2,014027656,2024-05-08T06:06:11.000+0000,false,2024-07-21T22:47:11.000+0000,a16Va000000VswzIAC,001Va000003ZRZtIAO,10000,10000,a0lVa0000004aWLIAY,true,2024-04-29,Pledge,Conditional,false,Pledge
a2EVa0000002WWrMAM,014027657,2024-05-08T06:18:52.000+0000,false,2024-07-21T22:47:11.000+0000,a16Va000000VswzIAC,001Va000003ZRZtIAO,10000,0,a0lVa0000004aXxIAI,true,2024-05-06,Check,Conditional,true,Payment
a2EVa0000002WWsMAM,014027658,2024-05-08T06:18:53.000+0000,false,2024-07-21T22:47:11.000+0000,a16Va000000VsybIAC,001Va000003ZRZtIAO,2300,0,a0lVa0000004aXxIAI,false,2024-05-06,Credit Card,,false,Payment
a2EVa0000002WWtMAM,014027659,2024-05-08T06:18:53.000+0000,false,2024-07-21T22:47:11.000+0000,a16Va000000VswzIAC,001Va000003ZRZtIAO,-10000,0,a0lVa0000004aXxIAI,true,2024-05-06,Pledge,Conditional,true,Pledge
a2EVa0000002Wa5MAE,014027660,2024-05-08T06:27:24.000+0000,false,2024-07-16T13:02:49.000+0000,a16Va000000VswzIAC,001Va000003ZRZtIAO,10000,0,a0lVa0000004aZZIAY,true,2024-05-07,Pledge,,true,Pledge
a2EVa0000002Wa6MAE,014027661,2024-05-08T06:27:25.000+0000,false,2024-07-16T13:02:49.000+0000,a16Va000000VswzIAC,001Va000003ZRZtIAO,10000,10000,a0lVa0000004aZZIAY,true,2024-05-07,Pledge,Conditional,false,Pledge
a2EVa0000002Wa7MAE,014027662,2024-05-08T06:27:25.000+0000,false,2024-07-16T13:02:49.000+0000,a16Va000000VswzIAC,001Va000003ZRZtIAO,10000,10000,a0lVa0000004aZZIAY,true,2024-05-07,Pledge,Conditional,false,Pledge
a2EVa0000002Wa8MAE,014027663,2024-05-08T06:27:25.000+0000,false,2024-07-16T13:02:49.000+0000,a16Va000000VswzIAC,001Va000003ZRZtIAO,10000,10000,a0lVa0000004aZZIAY,true,2024-05-07,Pledge,Conditional,false,Pledge
a2EVa0000002Wa9MAE,014027664,2024-05-08T06:27:25.000+0000,false,2024-07-16T13:02:49.000+0000,a16Va000000VswzIAC,001Va000003ZRZtIAO,10000,10000,a0lVa0000004aZZIAY,true,2024-05-07,Pledge,Conditional,false,Pledge
a2EVa0000002WaAMAU,014027665,2024-05-08T06:27:25.000+0000,false,2024-07-21T22:47:11.000+0000,a16Va000000VswzIAC,001Va000003ZRZtIAO,10000,0,a0lVa0000004aWLIAY,true,2024-04-29,Pledge,Conditional,false,Pledge
a2EVa0000002WaBMAU,014027666,2024-05-08T06:27:25.000+0000,false,2024-07-16T13:02:49.000+0000,a16Va000000VswzIAC,001Va000003ZRZtIAO,-10000,-10000,a0lVa0000004aZZIAY,true,2024-05-07,Pledge,,false,Pledge
a2EVa0000002WaCMAU,014027667,2024-05-08T06:27:26.000+0000,false,2024-07-16T13:02:49.000+0000,a16Va000000VswzIAC,001Va000003ZRZtIAO,-10000,-10000,a0lVa0000004aZZIAY,true,2024-05-07,Pledge,Conditional,false,Pledge
a2EVa0000002WaDMAU,014027668,2024-05-08T06:27:26.000+0000,false,2024-07-16T13:02:49.000+0000,a16Va000000VswzIAC,001Va000003ZRZtIAO,-10000,-10000,a0lVa0000004aZZIAY,true,2024-05-07,Pledge,Conditional,false,Pledge
a2EVa0000002WaEMAU,014027669,2024-05-08T06:27:26.000+0000,false,2024-07-16T13:02:49.000+0000,a16Va000000VswzIAC,001Va000003ZRZtIAO,-10000,-10000,a0lVa0000004aZZIAY,true,2024-05-07,Pledge,Conditional,false,Pledge
a2EVa0000002WaFMAU,014027670,2024-05-08T06:27:26.000+0000,false,2024-07-16T13:02:49.000+0000,a16Va000000VswzIAC,001Va000003ZRZtIAO,-10000,-10000,a0lVa0000004aZZIAY,true,2024-05-07,Pledge,Conditional,false,Pledge
a2EVa0000002WaGMAU,014027671,2024-05-08T06:27:26.000+0000,false,2024-07-16T13:02:49.000+0000,a16Va000000VswzIAC,001Va000003ZRZtIAO,-10000,0,a0lVa0000004aZZIAY,true,2024-05-07,Check,Conditional,true,Payment
a2EVa0000002WaHMAU,014027672,2024-05-08T06:27:27.000+0000,false,2024-07-16T13:02:49.000+0000,a16Va000000VswzIAC,001Va000003ZRZtIAO,10000,0,a0lVa0000004aZZIAY,true,2024-05-07,Check,Conditional,true,Payment
a2EVa0000002WaIMAU,014027673,2024-05-08T06:27:27.000+0000,false,2024-07-16T13:02:49.000+0000,a16Va000000VswzIAC,001Va000003ZRZtIAO,-10000,0,a0lVa0000004aZZIAY,true,2024-04-29,Pledge,Conditional,true,Pledge
a2EVa0000002WbhMAE,014027674,2024-05-08T06:28:52.000+0000,false,2024-07-21T22:47:11.000+0000,a16Va000000VsybIAC,001Va000003ZRZtIAO,2300,0,a0lVa0000004acnIAA,false,2024-05-07,Credit Card,,false,Payment
a2EVa0000002WbiMAE,014027675,2024-05-08T06:28:53.000+0000,false,2024-07-21T22:47:11.000+0000,a16Va000000VsybIAC,001Va000003ZRZtIAO,-2300,0,a0lVa0000004acnIAA,false,2024-05-07,Credit Card,,false,Payment
a2EVa0000002WgXMAU,014027676,2024-05-08T07:05:19.000+0000,false,2024-07-21T22:47:11.000+0000,a16Va000000Vt8HIAS,001Va000003ZRZtIAO,8000,8000,a0lVa0000004aePIAQ,true,2024-04-30,Pledge,Conditional,false,Pledge
a2EVa0000002WgYMAU,014027677,2024-05-08T07:05:19.000+0000,false,2024-07-21T22:47:11.000+0000,a16Va000000Vt8HIAS,001Va000003ZRZtIAO,8000,8000,a0lVa0000004aePIAQ,true,2024-04-30,Pledge,Conditional,false,Pledge
a2EVa0000002WgZMAU,014027678,2024-05-08T07:05:19.000+0000,false,2024-07-21T22:47:11.000+0000,a16Va000000Vt8HIAS,001Va000003ZRZtIAO,8000,8000,a0lVa0000004aePIAQ,true,2024-04-30,Pledge,Conditional,false,Pledge
a2EVa0000002WgaMAE,014027679,2024-05-08T07:05:19.000+0000,false,2024-07-21T22:47:11.000+0000,a16Va000000Vt8HIAS,001Va000003ZRZtIAO,8000,8000,a0lVa0000004aePIAQ,true,2024-04-30,Pledge,Conditional,false,Pledge
a2EVa0000002Wi9MAE,014027680,2024-05-08T07:11:20.000+0000,false,2024-07-21T22:47:11.000+0000,a16Va000000Vt8HIAS,001Va000003ZRZtIAO,8000,0,a0lVa0000004ag1IAA,true,2024-05-01,Check,Conditional,true,Payment
a2EVa0000002WiAMAU,014027681,2024-05-08T07:11:21.000+0000,false,2024-07-21T22:47:11.000+0000,a16Va000000Vt9tIAC,001Va000003ZRZtIAO,2400,0,a0lVa0000004ag1IAA,false,2024-05-01,Securities,,false,Payment
a2EVa0000002WiBMAU,014027682,2024-05-08T07:11:21.000+0000,false,2024-07-21T22:47:11.000+0000,a16Va000000Vt8HIAS,001Va000003ZRZtIAO,-8000,0,a0lVa0000004ag1IAA,true,2024-05-01,Pledge,Conditional,true,Pledge
a2EVa0000002WjlMAE,014027683,2024-05-08T07:17:54.000+0000,false,2024-07-16T13:02:49.000+0000,a16Va000000Vt8HIAS,001Va000003ZRZtIAO,8000,0,a0lVa0000004ahdIAA,true,2024-05-08,Pledge,,true,Pledge
a2EVa0000002WjmMAE,014027684,2024-05-08T07:17:55.000+0000,false,2024-07-16T13:02:49.000+0000,a16Va000000Vt8HIAS,001Va000003ZRZtIAO,8000,8000,a0lVa0000004ahdIAA,true,2024-05-08,Pledge,Conditional,false,Pledge
a2EVa0000002WjnMAE,014027685,2024-05-08T07:17:55.000+0000,false,2024-07-16T13:02:49.000+0000,a16Va000000Vt8HIAS,001Va000003ZRZtIAO,8000,8000,a0lVa0000004ahdIAA,true,2024-05-08,Pledge,Conditional,false,Pledge